month_start,year,month,year_month,state,fatalities
1989-01-01,1989,1,1989-01,ACT,2
1989-01-01,1989,1,1989-01,NSW,55
1989-01-01,1989,1,1989-01,NT,2
1989-01-01,1989,1,1989-01,QLD,27
1989-01-01,1989,1,1989-01,SA,27
1989-01-01,1989,1,1989-01,TAS,14
1989-01-01,1989,1,1989-01,VIC,76
1989-01-01,1989,1,1989-01,WA,25
1989-02-01,1989,2,1989-02,ACT,2
1989-02-01,1989,2,1989-02,NSW,82
1989-02-01,1989,2,1989-02,NT,2
1989-02-01,1989,2,1989-02,QLD,27
1989-02-01,1989,2,1989-02,SA,14
1989-02-01,1989,2,1989-02,TAS,7
1989-02-01,1989,2,1989-02,VIC,65
1989-02-01,1989,2,1989-02,WA,12
1989-03-01,1989,3,1989-03,ACT,3
1989-03-01,1989,3,1989-03,NSW,82
1989-03-01,1989,3,1989-03,NT,3
1989-03-01,1989,3,1989-03,QLD,42
1989-03-01,1989,3,1989-03,SA,18
1989-03-01,1989,3,1989-03,TAS,8
1989-03-01,1989,3,1989-03,VIC,80
1989-03-01,1989,3,1989-03,WA,20
1989-04-01,1989,4,1989-04,ACT,8
1989-04-01,1989,4,1989-04,NSW,45
1989-04-01,1989,4,1989-04,NT,10
1989-04-01,1989,4,1989-04,QLD,24
1989-04-01,1989,4,1989-04,SA,23
1989-04-01,1989,4,1989-04,TAS,5
1989-04-01,1989,4,1989-04,VIC,59
1989-04-01,1989,4,1989-04,WA,14
1989-05-01,1989,5,1989-05,NSW,77
1989-05-01,1989,5,1989-05,NT,4
1989-05-01,1989,5,1989-05,QLD,31
1989-05-01,1989,5,1989-05,SA,12
1989-05-01,1989,5,1989-05,TAS,7
1989-05-01,1989,5,1989-05,VIC,67
1989-05-01,1989,5,1989-05,WA,15
1989-06-01,1989,6,1989-06,ACT,2
1989-06-01,1989,6,1989-06,NSW,97
1989-06-01,1989,6,1989-06,NT,7
1989-06-01,1989,6,1989-06,QLD,28
1989-06-01,1989,6,1989-06,SA,19
1989-06-01,1989,6,1989-06,TAS,10
1989-06-01,1989,6,1989-06,VIC,73
1989-06-01,1989,6,1989-06,WA,21
1989-07-01,1989,7,1989-07,ACT,1
1989-07-01,1989,7,1989-07,NSW,75
1989-07-01,1989,7,1989-07,NT,7
1989-07-01,1989,7,1989-07,QLD,42
1989-07-01,1989,7,1989-07,SA,9
1989-07-01,1989,7,1989-07,TAS,6
1989-07-01,1989,7,1989-07,VIC,52
1989-07-01,1989,7,1989-07,WA,22
1989-08-01,1989,8,1989-08,ACT,2
1989-08-01,1989,8,1989-08,NSW,64
1989-08-01,1989,8,1989-08,NT,4
1989-08-01,1989,8,1989-08,QLD,32
1989-08-01,1989,8,1989-08,SA,15
1989-08-01,1989,8,1989-08,TAS,7
1989-08-01,1989,8,1989-08,VIC,65
1989-08-01,1989,8,1989-08,WA,22
1989-09-01,1989,9,1989-09,ACT,5
1989-09-01,1989,9,1989-09,NSW,93
1989-09-01,1989,9,1989-09,NT,4
1989-09-01,1989,9,1989-09,QLD,36
1989-09-01,1989,9,1989-09,SA,20
1989-09-01,1989,9,1989-09,TAS,6
1989-09-01,1989,9,1989-09,VIC,82
1989-09-01,1989,9,1989-09,WA,23
1989-10-01,1989,10,1989-10,ACT,2
1989-10-01,1989,10,1989-10,NSW,96
1989-10-01,1989,10,1989-10,NT,4
1989-10-01,1989,10,1989-10,QLD,41
1989-10-01,1989,10,1989-10,SA,26
1989-10-01,1989,10,1989-10,TAS,1
1989-10-01,1989,10,1989-10,VIC,50
1989-10-01,1989,10,1989-10,WA,21
1989-11-01,1989,11,1989-11,ACT,2
1989-11-01,1989,11,1989-11,NSW,69
1989-11-01,1989,11,1989-11,NT,6
1989-11-01,1989,11,1989-11,QLD,51
1989-11-01,1989,11,1989-11,SA,14
1989-11-01,1989,11,1989-11,TAS,5
1989-11-01,1989,11,1989-11,VIC,41
1989-11-01,1989,11,1989-11,WA,17
1989-12-01,1989,12,1989-12,ACT,3
1989-12-01,1989,12,1989-12,NSW,124
1989-12-01,1989,12,1989-12,NT,8
1989-12-01,1989,12,1989-12,QLD,47
1989-12-01,1989,12,1989-12,SA,25
1989-12-01,1989,12,1989-12,TAS,4
1989-12-01,1989,12,1989-12,VIC,66
1989-12-01,1989,12,1989-12,WA,30
1990-01-01,1990,1,1990-01,ACT,2
1990-01-01,1990,1,1990-01,NSW,52
1990-01-01,1990,1,1990-01,NT,9
1990-01-01,1990,1,1990-01,QLD,23
1990-01-01,1990,1,1990-01,SA,16
1990-01-01,1990,1,1990-01,TAS,8
1990-01-01,1990,1,1990-01,VIC,48
1990-01-01,1990,1,1990-01,WA,16
1990-02-01,1990,2,1990-02,NSW,52
1990-02-01,1990,2,1990-02,NT,2
1990-02-01,1990,2,1990-02,QLD,28
1990-02-01,1990,2,1990-02,SA,17
1990-02-01,1990,2,1990-02,TAS,9
1990-02-01,1990,2,1990-02,VIC,44
1990-02-01,1990,2,1990-02,WA,14
1990-03-01,1990,3,1990-03,NSW,87
1990-03-01,1990,3,1990-03,NT,7
1990-03-01,1990,3,1990-03,QLD,32
1990-03-01,1990,3,1990-03,SA,20
1990-03-01,1990,3,1990-03,TAS,7
1990-03-01,1990,3,1990-03,VIC,55
1990-03-01,1990,3,1990-03,WA,13
1990-04-01,1990,4,1990-04,NSW,57
1990-04-01,1990,4,1990-04,NT,5
1990-04-01,1990,4,1990-04,QLD,29
1990-04-01,1990,4,1990-04,SA,15
1990-04-01,1990,4,1990-04,TAS,6
1990-04-01,1990,4,1990-04,VIC,39
1990-04-01,1990,4,1990-04,WA,24
1990-05-01,1990,5,1990-05,ACT,3
1990-05-01,1990,5,1990-05,NSW,59
1990-05-01,1990,5,1990-05,NT,7
1990-05-01,1990,5,1990-05,QLD,30
1990-05-01,1990,5,1990-05,SA,19
1990-05-01,1990,5,1990-05,TAS,1
1990-05-01,1990,5,1990-05,VIC,56
1990-05-01,1990,5,1990-05,WA,11
1990-06-01,1990,6,1990-06,ACT,1
1990-06-01,1990,6,1990-06,NSW,70
1990-06-01,1990,6,1990-06,NT,2
1990-06-01,1990,6,1990-06,QLD,39
1990-06-01,1990,6,1990-06,SA,14
1990-06-01,1990,6,1990-06,TAS,6
1990-06-01,1990,6,1990-06,VIC,64
1990-06-01,1990,6,1990-06,WA,25
1990-07-01,1990,7,1990-07,ACT,6
1990-07-01,1990,7,1990-07,NSW,83
1990-07-01,1990,7,1990-07,NT,8
1990-07-01,1990,7,1990-07,QLD,31
1990-07-01,1990,7,1990-07,SA,21
1990-07-01,1990,7,1990-07,TAS,1
1990-07-01,1990,7,1990-07,VIC,41
1990-07-01,1990,7,1990-07,WA,14
1990-08-01,1990,8,1990-08,ACT,3
1990-08-01,1990,8,1990-08,NSW,66
1990-08-01,1990,8,1990-08,NT,10
1990-08-01,1990,8,1990-08,QLD,39
1990-08-01,1990,8,1990-08,SA,23
1990-08-01,1990,8,1990-08,TAS,4
1990-08-01,1990,8,1990-08,VIC,34
1990-08-01,1990,8,1990-08,WA,10
1990-09-01,1990,9,1990-09,ACT,1
1990-09-01,1990,9,1990-09,NSW,80
1990-09-01,1990,9,1990-09,NT,3
1990-09-01,1990,9,1990-09,QLD,49
1990-09-01,1990,9,1990-09,SA,28
1990-09-01,1990,9,1990-09,TAS,8
1990-09-01,1990,9,1990-09,VIC,48
1990-09-01,1990,9,1990-09,WA,16
1990-10-01,1990,10,1990-10,ACT,3
1990-10-01,1990,10,1990-10,NSW,62
1990-10-01,1990,10,1990-10,NT,1
1990-10-01,1990,10,1990-10,QLD,33
1990-10-01,1990,10,1990-10,SA,16
1990-10-01,1990,10,1990-10,TAS,6
1990-10-01,1990,10,1990-10,VIC,35
1990-10-01,1990,10,1990-10,WA,11
1990-11-01,1990,11,1990-11,ACT,3
1990-11-01,1990,11,1990-11,NSW,55
1990-11-01,1990,11,1990-11,NT,5
1990-11-01,1990,11,1990-11,QLD,28
1990-11-01,1990,11,1990-11,SA,17
1990-11-01,1990,11,1990-11,TAS,7
1990-11-01,1990,11,1990-11,VIC,40
1990-11-01,1990,11,1990-11,WA,16
1990-12-01,1990,12,1990-12,ACT,4
1990-12-01,1990,12,1990-12,NSW,74
1990-12-01,1990,12,1990-12,NT,9
1990-12-01,1990,12,1990-12,QLD,38
1990-12-01,1990,12,1990-12,SA,20
1990-12-01,1990,12,1990-12,TAS,8
1990-12-01,1990,12,1990-12,VIC,44
1990-12-01,1990,12,1990-12,WA,26
1991-01-01,1991,1,1991-01,ACT,2
1991-01-01,1991,1,1991-01,NSW,61
1991-01-01,1991,1,1991-01,NT,2
1991-01-01,1991,1,1991-01,QLD,21
1991-01-01,1991,1,1991-01,SA,10
1991-01-01,1991,1,1991-01,TAS,4
1991-01-01,1991,1,1991-01,VIC,45
1991-01-01,1991,1,1991-01,WA,26
1991-02-01,1991,2,1991-02,ACT,1
1991-02-01,1991,2,1991-02,NSW,47
1991-02-01,1991,2,1991-02,NT,6
1991-02-01,1991,2,1991-02,QLD,23
1991-02-01,1991,2,1991-02,SA,18
1991-02-01,1991,2,1991-02,TAS,8
1991-02-01,1991,2,1991-02,VIC,39
1991-02-01,1991,2,1991-02,WA,11
1991-03-01,1991,3,1991-03,ACT,1
1991-03-01,1991,3,1991-03,NSW,52
1991-03-01,1991,3,1991-03,NT,1
1991-03-01,1991,3,1991-03,QLD,34
1991-03-01,1991,3,1991-03,SA,23
1991-03-01,1991,3,1991-03,TAS,10
1991-03-01,1991,3,1991-03,VIC,70
1991-03-01,1991,3,1991-03,WA,14
1991-04-01,1991,4,1991-04,ACT,5
1991-04-01,1991,4,1991-04,NSW,59
1991-04-01,1991,4,1991-04,NT,8
1991-04-01,1991,4,1991-04,QLD,31
1991-04-01,1991,4,1991-04,SA,18
1991-04-01,1991,4,1991-04,TAS,10
1991-04-01,1991,4,1991-04,VIC,30
1991-04-01,1991,4,1991-04,WA,18
1991-05-01,1991,5,1991-05,ACT,1
1991-05-01,1991,5,1991-05,NSW,55
1991-05-01,1991,5,1991-05,NT,3
1991-05-01,1991,5,1991-05,QLD,38
1991-05-01,1991,5,1991-05,SA,11
1991-05-01,1991,5,1991-05,TAS,7
1991-05-01,1991,5,1991-05,VIC,34
1991-05-01,1991,5,1991-05,WA,11
1991-06-01,1991,6,1991-06,ACT,3
1991-06-01,1991,6,1991-06,NSW,52
1991-06-01,1991,6,1991-06,NT,5
1991-06-01,1991,6,1991-06,QLD,29
1991-06-01,1991,6,1991-06,SA,12
1991-06-01,1991,6,1991-06,TAS,7
1991-06-01,1991,6,1991-06,VIC,29
1991-06-01,1991,6,1991-06,WA,13
1991-07-01,1991,7,1991-07,NSW,61
1991-07-01,1991,7,1991-07,NT,8
1991-07-01,1991,7,1991-07,QLD,43
1991-07-01,1991,7,1991-07,SA,13
1991-07-01,1991,7,1991-07,TAS,4
1991-07-01,1991,7,1991-07,VIC,44
1991-07-01,1991,7,1991-07,WA,14
1991-08-01,1991,8,1991-08,ACT,2
1991-08-01,1991,8,1991-08,NSW,55
1991-08-01,1991,8,1991-08,NT,12
1991-08-01,1991,8,1991-08,QLD,34
1991-08-01,1991,8,1991-08,SA,13
1991-08-01,1991,8,1991-08,TAS,7
1991-08-01,1991,8,1991-08,VIC,47
1991-08-01,1991,8,1991-08,WA,24
1991-09-01,1991,9,1991-09,ACT,1
1991-09-01,1991,9,1991-09,NSW,59
1991-09-01,1991,9,1991-09,NT,12
1991-09-01,1991,9,1991-09,QLD,34
1991-09-01,1991,9,1991-09,SA,13
1991-09-01,1991,9,1991-09,TAS,3
1991-09-01,1991,9,1991-09,VIC,41
1991-09-01,1991,9,1991-09,WA,18
1991-10-01,1991,10,1991-10,ACT,1
1991-10-01,1991,10,1991-10,NSW,57
1991-10-01,1991,10,1991-10,NT,1
1991-10-01,1991,10,1991-10,QLD,31
1991-10-01,1991,10,1991-10,SA,21
1991-10-01,1991,10,1991-10,TAS,6
1991-10-01,1991,10,1991-10,VIC,36
1991-10-01,1991,10,1991-10,WA,24
1991-11-01,1991,11,1991-11,NSW,49
1991-11-01,1991,11,1991-11,NT,8
1991-11-01,1991,11,1991-11,QLD,41
1991-11-01,1991,11,1991-11,SA,16
1991-11-01,1991,11,1991-11,TAS,6
1991-11-01,1991,11,1991-11,VIC,35
1991-11-01,1991,11,1991-11,WA,11
1991-12-01,1991,12,1991-12,NSW,56
1991-12-01,1991,12,1991-12,NT,1
1991-12-01,1991,12,1991-12,QLD,36
1991-12-01,1991,12,1991-12,SA,16
1991-12-01,1991,12,1991-12,TAS,5
1991-12-01,1991,12,1991-12,VIC,53
1991-12-01,1991,12,1991-12,WA,23
1992-01-01,1992,1,1992-01,ACT,1
1992-01-01,1992,1,1992-01,NSW,55
1992-01-01,1992,1,1992-01,NT,5
1992-01-01,1992,1,1992-01,QLD,34
1992-01-01,1992,1,1992-01,SA,23
1992-01-01,1992,1,1992-01,TAS,7
1992-01-01,1992,1,1992-01,VIC,34
1992-01-01,1992,1,1992-01,WA,16
1992-02-01,1992,2,1992-02,ACT,2
1992-02-01,1992,2,1992-02,NSW,56
1992-02-01,1992,2,1992-02,NT,14
1992-02-01,1992,2,1992-02,QLD,19
1992-02-01,1992,2,1992-02,SA,12
1992-02-01,1992,2,1992-02,TAS,4
1992-02-01,1992,2,1992-02,VIC,33
1992-02-01,1992,2,1992-02,WA,8
1992-03-01,1992,3,1992-03,ACT,1
1992-03-01,1992,3,1992-03,NSW,56
1992-03-01,1992,3,1992-03,NT,2
1992-03-01,1992,3,1992-03,QLD,22
1992-03-01,1992,3,1992-03,SA,21
1992-03-01,1992,3,1992-03,TAS,5
1992-03-01,1992,3,1992-03,VIC,34
1992-03-01,1992,3,1992-03,WA,20
1992-04-01,1992,4,1992-04,ACT,4
1992-04-01,1992,4,1992-04,NSW,47
1992-04-01,1992,4,1992-04,NT,8
1992-04-01,1992,4,1992-04,QLD,43
1992-04-01,1992,4,1992-04,SA,17
1992-04-01,1992,4,1992-04,TAS,7
1992-04-01,1992,4,1992-04,VIC,47
1992-04-01,1992,4,1992-04,WA,12
1992-05-01,1992,5,1992-05,ACT,2
1992-05-01,1992,5,1992-05,NSW,41
1992-05-01,1992,5,1992-05,NT,4
1992-05-01,1992,5,1992-05,QLD,40
1992-05-01,1992,5,1992-05,SA,15
1992-05-01,1992,5,1992-05,TAS,2
1992-05-01,1992,5,1992-05,VIC,33
1992-05-01,1992,5,1992-05,WA,15
1992-06-01,1992,6,1992-06,ACT,2
1992-06-01,1992,6,1992-06,NSW,59
1992-06-01,1992,6,1992-06,NT,1
1992-06-01,1992,6,1992-06,QLD,43
1992-06-01,1992,6,1992-06,SA,9
1992-06-01,1992,6,1992-06,TAS,9
1992-06-01,1992,6,1992-06,VIC,29
1992-06-01,1992,6,1992-06,WA,16
1992-07-01,1992,7,1992-07,ACT,2
1992-07-01,1992,7,1992-07,NSW,53
1992-07-01,1992,7,1992-07,NT,2
1992-07-01,1992,7,1992-07,QLD,37
1992-07-01,1992,7,1992-07,SA,22
1992-07-01,1992,7,1992-07,TAS,2
1992-07-01,1992,7,1992-07,VIC,23
1992-07-01,1992,7,1992-07,WA,18
1992-08-01,1992,8,1992-08,ACT,2
1992-08-01,1992,8,1992-08,NSW,65
1992-08-01,1992,8,1992-08,NT,2
1992-08-01,1992,8,1992-08,QLD,37
1992-08-01,1992,8,1992-08,SA,13
1992-08-01,1992,8,1992-08,TAS,3
1992-08-01,1992,8,1992-08,VIC,27
1992-08-01,1992,8,1992-08,WA,8
1992-09-01,1992,9,1992-09,ACT,2
1992-09-01,1992,9,1992-09,NSW,50
1992-09-01,1992,9,1992-09,QLD,29
1992-09-01,1992,9,1992-09,SA,6
1992-09-01,1992,9,1992-09,TAS,4
1992-09-01,1992,9,1992-09,VIC,28
1992-09-01,1992,9,1992-09,WA,29
1992-10-01,1992,10,1992-10,ACT,1
1992-10-01,1992,10,1992-10,NSW,62
1992-10-01,1992,10,1992-10,NT,5
1992-10-01,1992,10,1992-10,QLD,37
1992-10-01,1992,10,1992-10,SA,11
1992-10-01,1992,10,1992-10,TAS,20
1992-10-01,1992,10,1992-10,VIC,38
1992-10-01,1992,10,1992-10,WA,19
1992-11-01,1992,11,1992-11,NSW,55
1992-11-01,1992,11,1992-11,NT,4
1992-11-01,1992,11,1992-11,QLD,35
1992-11-01,1992,11,1992-11,SA,6
1992-11-01,1992,11,1992-11,TAS,4
1992-11-01,1992,11,1992-11,VIC,30
1992-11-01,1992,11,1992-11,WA,17
1992-12-01,1992,12,1992-12,ACT,1
1992-12-01,1992,12,1992-12,NSW,50
1992-12-01,1992,12,1992-12,NT,7
1992-12-01,1992,12,1992-12,QLD,40
1992-12-01,1992,12,1992-12,SA,10
1992-12-01,1992,12,1992-12,TAS,7
1992-12-01,1992,12,1992-12,VIC,40
1992-12-01,1992,12,1992-12,WA,22
1993-01-01,1993,1,1993-01,NSW,44
1993-01-01,1993,1,1993-01,NT,2
1993-01-01,1993,1,1993-01,QLD,29
1993-01-01,1993,1,1993-01,SA,20
1993-01-01,1993,1,1993-01,TAS,8
1993-01-01,1993,1,1993-01,VIC,26
1993-01-01,1993,1,1993-01,WA,8
1993-02-01,1993,2,1993-02,ACT,1
1993-02-01,1993,2,1993-02,NSW,31
1993-02-01,1993,2,1993-02,NT,1
1993-02-01,1993,2,1993-02,QLD,34
1993-02-01,1993,2,1993-02,SA,14
1993-02-01,1993,2,1993-02,TAS,4
1993-02-01,1993,2,1993-02,VIC,40
1993-02-01,1993,2,1993-02,WA,11
1993-03-01,1993,3,1993-03,ACT,1
1993-03-01,1993,3,1993-03,NSW,56
1993-03-01,1993,3,1993-03,NT,4
1993-03-01,1993,3,1993-03,QLD,20
1993-03-01,1993,3,1993-03,SA,22
1993-03-01,1993,3,1993-03,TAS,3
1993-03-01,1993,3,1993-03,VIC,37
1993-03-01,1993,3,1993-03,WA,15
1993-04-01,1993,4,1993-04,NSW,51
1993-04-01,1993,4,1993-04,NT,7
1993-04-01,1993,4,1993-04,QLD,26
1993-04-01,1993,4,1993-04,SA,20
1993-04-01,1993,4,1993-04,TAS,3
1993-04-01,1993,4,1993-04,VIC,39
1993-04-01,1993,4,1993-04,WA,16
1993-05-01,1993,5,1993-05,NSW,37
1993-05-01,1993,5,1993-05,NT,1
1993-05-01,1993,5,1993-05,QLD,25
1993-05-01,1993,5,1993-05,SA,20
1993-05-01,1993,5,1993-05,TAS,4
1993-05-01,1993,5,1993-05,VIC,44
1993-05-01,1993,5,1993-05,WA,19
1993-06-01,1993,6,1993-06,ACT,1
1993-06-01,1993,6,1993-06,NSW,42
1993-06-01,1993,6,1993-06,NT,5
1993-06-01,1993,6,1993-06,QLD,33
1993-06-01,1993,6,1993-06,SA,14
1993-06-01,1993,6,1993-06,TAS,2
1993-06-01,1993,6,1993-06,VIC,33
1993-06-01,1993,6,1993-06,WA,16
1993-07-01,1993,7,1993-07,NSW,42
1993-07-01,1993,7,1993-07,NT,3
1993-07-01,1993,7,1993-07,QLD,35
1993-07-01,1993,7,1993-07,SA,15
1993-07-01,1993,7,1993-07,TAS,3
1993-07-01,1993,7,1993-07,VIC,33
1993-07-01,1993,7,1993-07,WA,17
1993-08-01,1993,8,1993-08,ACT,1
1993-08-01,1993,8,1993-08,NSW,59
1993-08-01,1993,8,1993-08,NT,7
1993-08-01,1993,8,1993-08,QLD,46
1993-08-01,1993,8,1993-08,SA,15
1993-08-01,1993,8,1993-08,TAS,5
1993-08-01,1993,8,1993-08,VIC,27
1993-08-01,1993,8,1993-08,WA,25
1993-09-01,1993,9,1993-09,ACT,2
1993-09-01,1993,9,1993-09,NSW,42
1993-09-01,1993,9,1993-09,NT,2
1993-09-01,1993,9,1993-09,QLD,38
1993-09-01,1993,9,1993-09,SA,18
1993-09-01,1993,9,1993-09,TAS,7
1993-09-01,1993,9,1993-09,VIC,34
1993-09-01,1993,9,1993-09,WA,15
1993-10-01,1993,10,1993-10,ACT,5
1993-10-01,1993,10,1993-10,NSW,59
1993-10-01,1993,10,1993-10,NT,7
1993-10-01,1993,10,1993-10,QLD,45
1993-10-01,1993,10,1993-10,SA,22
1993-10-01,1993,10,1993-10,TAS,6
1993-10-01,1993,10,1993-10,VIC,39
1993-10-01,1993,10,1993-10,WA,24
1993-11-01,1993,11,1993-11,ACT,1
1993-11-01,1993,11,1993-11,NSW,55
1993-11-01,1993,11,1993-11,NT,3
1993-11-01,1993,11,1993-11,QLD,28
1993-11-01,1993,11,1993-11,SA,18
1993-11-01,1993,11,1993-11,TAS,7
1993-11-01,1993,11,1993-11,VIC,43
1993-11-01,1993,11,1993-11,WA,15
1993-12-01,1993,12,1993-12,NSW,63
1993-12-01,1993,12,1993-12,NT,2
1993-12-01,1993,12,1993-12,QLD,37
1993-12-01,1993,12,1993-12,SA,20
1993-12-01,1993,12,1993-12,TAS,6
1993-12-01,1993,12,1993-12,VIC,40
1993-12-01,1993,12,1993-12,WA,28
1994-01-01,1994,1,1994-01,ACT,1
1994-01-01,1994,1,1994-01,NSW,56
1994-01-01,1994,1,1994-01,NT,6
1994-01-01,1994,1,1994-01,QLD,37
1994-01-01,1994,1,1994-01,SA,8
1994-01-01,1994,1,1994-01,TAS,3
1994-01-01,1994,1,1994-01,VIC,36
1994-01-01,1994,1,1994-01,WA,11
1994-02-01,1994,2,1994-02,ACT,1
1994-02-01,1994,2,1994-02,NSW,41
1994-02-01,1994,2,1994-02,NT,1
1994-02-01,1994,2,1994-02,QLD,31
1994-02-01,1994,2,1994-02,SA,10
1994-02-01,1994,2,1994-02,TAS,4
1994-02-01,1994,2,1994-02,VIC,31
1994-02-01,1994,2,1994-02,WA,12
1994-03-01,1994,3,1994-03,ACT,1
1994-03-01,1994,3,1994-03,NSW,65
1994-03-01,1994,3,1994-03,NT,3
1994-03-01,1994,3,1994-03,QLD,28
1994-03-01,1994,3,1994-03,SA,23
1994-03-01,1994,3,1994-03,TAS,5
1994-03-01,1994,3,1994-03,VIC,44
1994-03-01,1994,3,1994-03,WA,16
1994-04-01,1994,4,1994-04,ACT,4
1994-04-01,1994,4,1994-04,NSW,53
1994-04-01,1994,4,1994-04,NT,2
1994-04-01,1994,4,1994-04,QLD,22
1994-04-01,1994,4,1994-04,SA,15
1994-04-01,1994,4,1994-04,TAS,5
1994-04-01,1994,4,1994-04,VIC,35
1994-04-01,1994,4,1994-04,WA,16
1994-05-01,1994,5,1994-05,ACT,1
1994-05-01,1994,5,1994-05,NSW,51
1994-05-01,1994,5,1994-05,NT,8
1994-05-01,1994,5,1994-05,QLD,26
1994-05-01,1994,5,1994-05,SA,11
1994-05-01,1994,5,1994-05,TAS,5
1994-05-01,1994,5,1994-05,VIC,27
1994-05-01,1994,5,1994-05,WA,17
1994-06-01,1994,6,1994-06,ACT,3
1994-06-01,1994,6,1994-06,NSW,42
1994-06-01,1994,6,1994-06,NT,1
1994-06-01,1994,6,1994-06,QLD,41
1994-06-01,1994,6,1994-06,SA,14
1994-06-01,1994,6,1994-06,TAS,8
1994-06-01,1994,6,1994-06,VIC,33
1994-06-01,1994,6,1994-06,WA,16
1994-07-01,1994,7,1994-07,NSW,52
1994-07-01,1994,7,1994-07,NT,2
1994-07-01,1994,7,1994-07,QLD,31
1994-07-01,1994,7,1994-07,SA,17
1994-07-01,1994,7,1994-07,TAS,7
1994-07-01,1994,7,1994-07,VIC,29
1994-07-01,1994,7,1994-07,WA,20
1994-08-01,1994,8,1994-08,ACT,1
1994-08-01,1994,8,1994-08,NSW,38
1994-08-01,1994,8,1994-08,NT,7
1994-08-01,1994,8,1994-08,QLD,34
1994-08-01,1994,8,1994-08,SA,9
1994-08-01,1994,8,1994-08,TAS,4
1994-08-01,1994,8,1994-08,VIC,37
1994-08-01,1994,8,1994-08,WA,17
1994-09-01,1994,9,1994-09,ACT,2
1994-09-01,1994,9,1994-09,NSW,43
1994-09-01,1994,9,1994-09,NT,2
1994-09-01,1994,9,1994-09,QLD,32
1994-09-01,1994,9,1994-09,SA,15
1994-09-01,1994,9,1994-09,TAS,5
1994-09-01,1994,9,1994-09,VIC,17
1994-09-01,1994,9,1994-09,WA,25
1994-10-01,1994,10,1994-10,ACT,1
1994-10-01,1994,10,1994-10,NSW,73
1994-10-01,1994,10,1994-10,NT,1
1994-10-01,1994,10,1994-10,QLD,59
1994-10-01,1994,10,1994-10,SA,11
1994-10-01,1994,10,1994-10,TAS,5
1994-10-01,1994,10,1994-10,VIC,27
1994-10-01,1994,10,1994-10,WA,22
1994-11-01,1994,11,1994-11,ACT,1
1994-11-01,1994,11,1994-11,NSW,69
1994-11-01,1994,11,1994-11,NT,4
1994-11-01,1994,11,1994-11,QLD,38
1994-11-01,1994,11,1994-11,SA,16
1994-11-01,1994,11,1994-11,TAS,3
1994-11-01,1994,11,1994-11,VIC,31
1994-11-01,1994,11,1994-11,WA,22
1994-12-01,1994,12,1994-12,ACT,1
1994-12-01,1994,12,1994-12,NSW,63
1994-12-01,1994,12,1994-12,NT,4
1994-12-01,1994,12,1994-12,QLD,39
1994-12-01,1994,12,1994-12,SA,10
1994-12-01,1994,12,1994-12,TAS,5
1994-12-01,1994,12,1994-12,VIC,30
1994-12-01,1994,12,1994-12,WA,17
1995-01-01,1995,1,1995-01,NSW,38
1995-01-01,1995,1,1995-01,NT,2
1995-01-01,1995,1,1995-01,QLD,40
1995-01-01,1995,1,1995-01,SA,18
1995-01-01,1995,1,1995-01,TAS,4
1995-01-01,1995,1,1995-01,VIC,38
1995-01-01,1995,1,1995-01,WA,20
1995-02-01,1995,2,1995-02,NSW,50
1995-02-01,1995,2,1995-02,NT,5
1995-02-01,1995,2,1995-02,QLD,32
1995-02-01,1995,2,1995-02,SA,9
1995-02-01,1995,2,1995-02,TAS,3
1995-02-01,1995,2,1995-02,VIC,35
1995-02-01,1995,2,1995-02,WA,22
1995-03-01,1995,3,1995-03,NSW,61
1995-03-01,1995,3,1995-03,NT,3
1995-03-01,1995,3,1995-03,QLD,38
1995-03-01,1995,3,1995-03,SA,11
1995-03-01,1995,3,1995-03,TAS,8
1995-03-01,1995,3,1995-03,VIC,26
1995-03-01,1995,3,1995-03,WA,14
1995-04-01,1995,4,1995-04,NSW,46
1995-04-01,1995,4,1995-04,NT,9
1995-04-01,1995,4,1995-04,QLD,27
1995-04-01,1995,4,1995-04,SA,14
1995-04-01,1995,4,1995-04,TAS,8
1995-04-01,1995,4,1995-04,VIC,33
1995-04-01,1995,4,1995-04,WA,13
1995-05-01,1995,5,1995-05,ACT,1
1995-05-01,1995,5,1995-05,NSW,48
1995-05-01,1995,5,1995-05,NT,5
1995-05-01,1995,5,1995-05,QLD,45
1995-05-01,1995,5,1995-05,SA,17
1995-05-01,1995,5,1995-05,TAS,7
1995-05-01,1995,5,1995-05,VIC,34
1995-05-01,1995,5,1995-05,WA,15
1995-06-01,1995,6,1995-06,ACT,1
1995-06-01,1995,6,1995-06,NSW,57
1995-06-01,1995,6,1995-06,NT,9
1995-06-01,1995,6,1995-06,QLD,42
1995-06-01,1995,6,1995-06,SA,16
1995-06-01,1995,6,1995-06,TAS,3
1995-06-01,1995,6,1995-06,VIC,41
1995-06-01,1995,6,1995-06,WA,18
1995-07-01,1995,7,1995-07,ACT,3
1995-07-01,1995,7,1995-07,NSW,51
1995-07-01,1995,7,1995-07,NT,4
1995-07-01,1995,7,1995-07,QLD,41
1995-07-01,1995,7,1995-07,SA,7
1995-07-01,1995,7,1995-07,TAS,4
1995-07-01,1995,7,1995-07,VIC,27
1995-07-01,1995,7,1995-07,WA,18
1995-08-01,1995,8,1995-08,NSW,53
1995-08-01,1995,8,1995-08,NT,5
1995-08-01,1995,8,1995-08,QLD,33
1995-08-01,1995,8,1995-08,SA,19
1995-08-01,1995,8,1995-08,TAS,8
1995-08-01,1995,8,1995-08,VIC,34
1995-08-01,1995,8,1995-08,WA,15
1995-09-01,1995,9,1995-09,ACT,3
1995-09-01,1995,9,1995-09,NSW,41
1995-09-01,1995,9,1995-09,NT,2
1995-09-01,1995,9,1995-09,QLD,43
1995-09-01,1995,9,1995-09,SA,16
1995-09-01,1995,9,1995-09,TAS,6
1995-09-01,1995,9,1995-09,VIC,34
1995-09-01,1995,9,1995-09,WA,21
1995-10-01,1995,10,1995-10,ACT,2
1995-10-01,1995,10,1995-10,NSW,60
1995-10-01,1995,10,1995-10,NT,5
1995-10-01,1995,10,1995-10,QLD,41
1995-10-01,1995,10,1995-10,SA,26
1995-10-01,1995,10,1995-10,VIC,32
1995-10-01,1995,10,1995-10,WA,21
1995-11-01,1995,11,1995-11,ACT,1
1995-11-01,1995,11,1995-11,NSW,59
1995-11-01,1995,11,1995-11,NT,2
1995-11-01,1995,11,1995-11,QLD,39
1995-11-01,1995,11,1995-11,SA,15
1995-11-01,1995,11,1995-11,TAS,4
1995-11-01,1995,11,1995-11,VIC,38
1995-11-01,1995,11,1995-11,WA,17
1995-12-01,1995,12,1995-12,ACT,4
1995-12-01,1995,12,1995-12,NSW,56
1995-12-01,1995,12,1995-12,NT,10
1995-12-01,1995,12,1995-12,QLD,35
1995-12-01,1995,12,1995-12,SA,13
1995-12-01,1995,12,1995-12,TAS,2
1995-12-01,1995,12,1995-12,VIC,46
1995-12-01,1995,12,1995-12,WA,15
1996-01-01,1996,1,1996-01,ACT,1
1996-01-01,1996,1,1996-01,NSW,23
1996-01-01,1996,1,1996-01,NT,6
1996-01-01,1996,1,1996-01,QLD,20
1996-01-01,1996,1,1996-01,SA,18
1996-01-01,1996,1,1996-01,TAS,9
1996-01-01,1996,1,1996-01,VIC,39
1996-01-01,1996,1,1996-01,WA,26
1996-02-01,1996,2,1996-02,ACT,1
1996-02-01,1996,2,1996-02,NSW,49
1996-02-01,1996,2,1996-02,NT,4
1996-02-01,1996,2,1996-02,QLD,28
1996-02-01,1996,2,1996-02,SA,15
1996-02-01,1996,2,1996-02,TAS,7
1996-02-01,1996,2,1996-02,VIC,47
1996-02-01,1996,2,1996-02,WA,19
1996-03-01,1996,3,1996-03,NSW,49
1996-03-01,1996,3,1996-03,NT,3
1996-03-01,1996,3,1996-03,QLD,30
1996-03-01,1996,3,1996-03,SA,17
1996-03-01,1996,3,1996-03,TAS,9
1996-03-01,1996,3,1996-03,VIC,35
1996-03-01,1996,3,1996-03,WA,18
1996-04-01,1996,4,1996-04,ACT,1
1996-04-01,1996,4,1996-04,NSW,62
1996-04-01,1996,4,1996-04,NT,4
1996-04-01,1996,4,1996-04,QLD,16
1996-04-01,1996,4,1996-04,SA,14
1996-04-01,1996,4,1996-04,TAS,11
1996-04-01,1996,4,1996-04,VIC,38
1996-04-01,1996,4,1996-04,WA,22
1996-05-01,1996,5,1996-05,ACT,3
1996-05-01,1996,5,1996-05,NSW,48
1996-05-01,1996,5,1996-05,NT,12
1996-05-01,1996,5,1996-05,QLD,32
1996-05-01,1996,5,1996-05,SA,13
1996-05-01,1996,5,1996-05,TAS,3
1996-05-01,1996,5,1996-05,VIC,28
1996-05-01,1996,5,1996-05,WA,15
1996-06-01,1996,6,1996-06,ACT,2
1996-06-01,1996,6,1996-06,NSW,56
1996-06-01,1996,6,1996-06,NT,1
1996-06-01,1996,6,1996-06,QLD,33
1996-06-01,1996,6,1996-06,SA,19
1996-06-01,1996,6,1996-06,TAS,2
1996-06-01,1996,6,1996-06,VIC,29
1996-06-01,1996,6,1996-06,WA,18
1996-07-01,1996,7,1996-07,NSW,50
1996-07-01,1996,7,1996-07,NT,5
1996-07-01,1996,7,1996-07,QLD,28
1996-07-01,1996,7,1996-07,SA,12
1996-07-01,1996,7,1996-07,TAS,6
1996-07-01,1996,7,1996-07,VIC,30
1996-07-01,1996,7,1996-07,WA,22
1996-08-01,1996,8,1996-08,ACT,3
1996-08-01,1996,8,1996-08,NSW,52
1996-08-01,1996,8,1996-08,NT,18
1996-08-01,1996,8,1996-08,QLD,38
1996-08-01,1996,8,1996-08,SA,22
1996-08-01,1996,8,1996-08,TAS,3
1996-08-01,1996,8,1996-08,VIC,35
1996-08-01,1996,8,1996-08,WA,28
1996-09-01,1996,9,1996-09,ACT,5
1996-09-01,1996,9,1996-09,NSW,43
1996-09-01,1996,9,1996-09,NT,5
1996-09-01,1996,9,1996-09,QLD,37
1996-09-01,1996,9,1996-09,SA,19
1996-09-01,1996,9,1996-09,TAS,4
1996-09-01,1996,9,1996-09,VIC,49
1996-09-01,1996,9,1996-09,WA,16
1996-10-01,1996,10,1996-10,ACT,1
1996-10-01,1996,10,1996-10,NSW,52
1996-10-01,1996,10,1996-10,NT,2
1996-10-01,1996,10,1996-10,QLD,36
1996-10-01,1996,10,1996-10,SA,7
1996-10-01,1996,10,1996-10,TAS,3
1996-10-01,1996,10,1996-10,VIC,24
1996-10-01,1996,10,1996-10,WA,23
1996-11-01,1996,11,1996-11,ACT,4
1996-11-01,1996,11,1996-11,NSW,47
1996-11-01,1996,11,1996-11,NT,3
1996-11-01,1996,11,1996-11,QLD,48
1996-11-01,1996,11,1996-11,SA,12
1996-11-01,1996,11,1996-11,TAS,2
1996-11-01,1996,11,1996-11,VIC,33
1996-11-01,1996,11,1996-11,WA,22
1996-12-01,1996,12,1996-12,ACT,2
1996-12-01,1996,12,1996-12,NSW,50
1996-12-01,1996,12,1996-12,NT,9
1996-12-01,1996,12,1996-12,QLD,39
1996-12-01,1996,12,1996-12,SA,13
1996-12-01,1996,12,1996-12,TAS,5
1996-12-01,1996,12,1996-12,VIC,30
1996-12-01,1996,12,1996-12,WA,18
1997-01-01,1997,1,1997-01,ACT,1
1997-01-01,1997,1,1997-01,NSW,69
1997-01-01,1997,1,1997-01,NT,1
1997-01-01,1997,1,1997-01,QLD,27
1997-01-01,1997,1,1997-01,SA,13
1997-01-01,1997,1,1997-01,TAS,6
1997-01-01,1997,1,1997-01,VIC,36
1997-01-01,1997,1,1997-01,WA,18
1997-02-01,1997,2,1997-02,ACT,1
1997-02-01,1997,2,1997-02,NSW,44
1997-02-01,1997,2,1997-02,NT,3
1997-02-01,1997,2,1997-02,QLD,34
1997-02-01,1997,2,1997-02,SA,9
1997-02-01,1997,2,1997-02,TAS,1
1997-02-01,1997,2,1997-02,VIC,25
1997-02-01,1997,2,1997-02,WA,18
1997-03-01,1997,3,1997-03,ACT,1
1997-03-01,1997,3,1997-03,NSW,39
1997-03-01,1997,3,1997-03,NT,8
1997-03-01,1997,3,1997-03,QLD,31
1997-03-01,1997,3,1997-03,SA,8
1997-03-01,1997,3,1997-03,TAS,3
1997-03-01,1997,3,1997-03,VIC,30
1997-03-01,1997,3,1997-03,WA,20
1997-04-01,1997,4,1997-04,ACT,1
1997-04-01,1997,4,1997-04,NSW,42
1997-04-01,1997,4,1997-04,NT,5
1997-04-01,1997,4,1997-04,QLD,26
1997-04-01,1997,4,1997-04,SA,11
1997-04-01,1997,4,1997-04,TAS,4
1997-04-01,1997,4,1997-04,VIC,30
1997-04-01,1997,4,1997-04,WA,15
1997-05-01,1997,5,1997-05,ACT,1
1997-05-01,1997,5,1997-05,NSW,58
1997-05-01,1997,5,1997-05,NT,6
1997-05-01,1997,5,1997-05,QLD,34
1997-05-01,1997,5,1997-05,SA,12
1997-05-01,1997,5,1997-05,TAS,4
1997-05-01,1997,5,1997-05,VIC,40
1997-05-01,1997,5,1997-05,WA,9
1997-06-01,1997,6,1997-06,NSW,38
1997-06-01,1997,6,1997-06,NT,5
1997-06-01,1997,6,1997-06,QLD,19
1997-06-01,1997,6,1997-06,SA,13
1997-06-01,1997,6,1997-06,TAS,2
1997-06-01,1997,6,1997-06,VIC,22
1997-06-01,1997,6,1997-06,WA,15
1997-07-01,1997,7,1997-07,NSW,53
1997-07-01,1997,7,1997-07,NT,2
1997-07-01,1997,7,1997-07,QLD,32
1997-07-01,1997,7,1997-07,SA,7
1997-07-01,1997,7,1997-07,TAS,1
1997-07-01,1997,7,1997-07,VIC,39
1997-07-01,1997,7,1997-07,WA,21
1997-08-01,1997,8,1997-08,ACT,2
1997-08-01,1997,8,1997-08,NSW,47
1997-08-01,1997,8,1997-08,NT,9
1997-08-01,1997,8,1997-08,QLD,40
1997-08-01,1997,8,1997-08,SA,16
1997-08-01,1997,8,1997-08,TAS,3
1997-08-01,1997,8,1997-08,VIC,26
1997-08-01,1997,8,1997-08,WA,15
1997-09-01,1997,9,1997-09,ACT,2
1997-09-01,1997,9,1997-09,NSW,35
1997-09-01,1997,9,1997-09,NT,3
1997-09-01,1997,9,1997-09,QLD,34
1997-09-01,1997,9,1997-09,SA,12
1997-09-01,1997,9,1997-09,TAS,1
1997-09-01,1997,9,1997-09,VIC,26
1997-09-01,1997,9,1997-09,WA,14
1997-10-01,1997,10,1997-10,ACT,2
1997-10-01,1997,10,1997-10,NSW,47
1997-10-01,1997,10,1997-10,NT,5
1997-10-01,1997,10,1997-10,QLD,27
1997-10-01,1997,10,1997-10,SA,15
1997-10-01,1997,10,1997-10,TAS,4
1997-10-01,1997,10,1997-10,VIC,29
1997-10-01,1997,10,1997-10,WA,20
1997-11-01,1997,11,1997-11,ACT,2
1997-11-01,1997,11,1997-11,NSW,62
1997-11-01,1997,11,1997-11,NT,2
1997-11-01,1997,11,1997-11,QLD,19
1997-11-01,1997,11,1997-11,SA,15
1997-11-01,1997,11,1997-11,VIC,39
1997-11-01,1997,11,1997-11,WA,22
1997-12-01,1997,12,1997-12,ACT,4
1997-12-01,1997,12,1997-12,NSW,42
1997-12-01,1997,12,1997-12,NT,11
1997-12-01,1997,12,1997-12,QLD,37
1997-12-01,1997,12,1997-12,SA,17
1997-12-01,1997,12,1997-12,TAS,3
1997-12-01,1997,12,1997-12,VIC,35
1997-12-01,1997,12,1997-12,WA,10
1998-01-01,1998,1,1998-01,ACT,1
1998-01-01,1998,1,1998-01,NSW,47
1998-01-01,1998,1,1998-01,NT,4
1998-01-01,1998,1,1998-01,QLD,20
1998-01-01,1998,1,1998-01,SA,11
1998-01-01,1998,1,1998-01,TAS,4
1998-01-01,1998,1,1998-01,VIC,29
1998-01-01,1998,1,1998-01,WA,17
1998-02-01,1998,2,1998-02,ACT,3
1998-02-01,1998,2,1998-02,NSW,39
1998-02-01,1998,2,1998-02,NT,8
1998-02-01,1998,2,1998-02,QLD,17
1998-02-01,1998,2,1998-02,SA,27
1998-02-01,1998,2,1998-02,TAS,3
1998-02-01,1998,2,1998-02,VIC,29
1998-02-01,1998,2,1998-02,WA,12
1998-03-01,1998,3,1998-03,ACT,3
1998-03-01,1998,3,1998-03,NSW,61
1998-03-01,1998,3,1998-03,NT,1
1998-03-01,1998,3,1998-03,QLD,21
1998-03-01,1998,3,1998-03,SA,16
1998-03-01,1998,3,1998-03,TAS,7
1998-03-01,1998,3,1998-03,VIC,32
1998-03-01,1998,3,1998-03,WA,15
1998-04-01,1998,4,1998-04,NSW,43
1998-04-01,1998,4,1998-04,NT,8
1998-04-01,1998,4,1998-04,QLD,19
1998-04-01,1998,4,1998-04,SA,16
1998-04-01,1998,4,1998-04,TAS,5
1998-04-01,1998,4,1998-04,VIC,36
1998-04-01,1998,4,1998-04,WA,22
1998-05-01,1998,5,1998-05,ACT,2
1998-05-01,1998,5,1998-05,NSW,58
1998-05-01,1998,5,1998-05,NT,6
1998-05-01,1998,5,1998-05,QLD,14
1998-05-01,1998,5,1998-05,SA,12
1998-05-01,1998,5,1998-05,TAS,5
1998-05-01,1998,5,1998-05,VIC,31
1998-05-01,1998,5,1998-05,WA,20
1998-06-01,1998,6,1998-06,NSW,51
1998-06-01,1998,6,1998-06,NT,4
1998-06-01,1998,6,1998-06,QLD,25
1998-06-01,1998,6,1998-06,SA,16
1998-06-01,1998,6,1998-06,TAS,1
1998-06-01,1998,6,1998-06,VIC,22
1998-06-01,1998,6,1998-06,WA,15
1998-07-01,1998,7,1998-07,ACT,4
1998-07-01,1998,7,1998-07,NSW,36
1998-07-01,1998,7,1998-07,NT,10
1998-07-01,1998,7,1998-07,QLD,33
1998-07-01,1998,7,1998-07,SA,10
1998-07-01,1998,7,1998-07,TAS,2
1998-07-01,1998,7,1998-07,VIC,40
1998-07-01,1998,7,1998-07,WA,21
1998-08-01,1998,8,1998-08,ACT,1
1998-08-01,1998,8,1998-08,NSW,51
1998-08-01,1998,8,1998-08,NT,11
1998-08-01,1998,8,1998-08,QLD,25
1998-08-01,1998,8,1998-08,SA,10
1998-08-01,1998,8,1998-08,TAS,5
1998-08-01,1998,8,1998-08,VIC,19
1998-08-01,1998,8,1998-08,WA,17
1998-09-01,1998,9,1998-09,ACT,3
1998-09-01,1998,9,1998-09,NSW,37
1998-09-01,1998,9,1998-09,NT,6
1998-09-01,1998,9,1998-09,QLD,24
1998-09-01,1998,9,1998-09,SA,13
1998-09-01,1998,9,1998-09,TAS,1
1998-09-01,1998,9,1998-09,VIC,37
1998-09-01,1998,9,1998-09,WA,21
1998-10-01,1998,10,1998-10,ACT,2
1998-10-01,1998,10,1998-10,NSW,47
1998-10-01,1998,10,1998-10,NT,5
1998-10-01,1998,10,1998-10,QLD,20
1998-10-01,1998,10,1998-10,SA,16
1998-10-01,1998,10,1998-10,TAS,2
1998-10-01,1998,10,1998-10,VIC,36
1998-10-01,1998,10,1998-10,WA,22
1998-11-01,1998,11,1998-11,NSW,31
1998-11-01,1998,11,1998-11,NT,3
1998-11-01,1998,11,1998-11,QLD,33
1998-11-01,1998,11,1998-11,SA,10
1998-11-01,1998,11,1998-11,TAS,6
1998-11-01,1998,11,1998-11,VIC,49
1998-11-01,1998,11,1998-11,WA,21
1998-12-01,1998,12,1998-12,ACT,3
1998-12-01,1998,12,1998-12,NSW,55
1998-12-01,1998,12,1998-12,NT,3
1998-12-01,1998,12,1998-12,QLD,28
1998-12-01,1998,12,1998-12,SA,11
1998-12-01,1998,12,1998-12,TAS,7
1998-12-01,1998,12,1998-12,VIC,30
1998-12-01,1998,12,1998-12,WA,20
1999-01-01,1999,1,1999-01,ACT,1
1999-01-01,1999,1,1999-01,NSW,52
1999-01-01,1999,1,1999-01,NT,2
1999-01-01,1999,1,1999-01,QLD,25
1999-01-01,1999,1,1999-01,SA,20
1999-01-01,1999,1,1999-01,TAS,6
1999-01-01,1999,1,1999-01,VIC,32
1999-01-01,1999,1,1999-01,WA,15
1999-02-01,1999,2,1999-02,ACT,3
1999-02-01,1999,2,1999-02,NSW,41
1999-02-01,1999,2,1999-02,NT,6
1999-02-01,1999,2,1999-02,QLD,12
1999-02-01,1999,2,1999-02,SA,12
1999-02-01,1999,2,1999-02,TAS,3
1999-02-01,1999,2,1999-02,VIC,31
1999-02-01,1999,2,1999-02,WA,18
1999-03-01,1999,3,1999-03,ACT,1
1999-03-01,1999,3,1999-03,NSW,61
1999-03-01,1999,3,1999-03,NT,2
1999-03-01,1999,3,1999-03,QLD,27
1999-03-01,1999,3,1999-03,SA,5
1999-03-01,1999,3,1999-03,TAS,6
1999-03-01,1999,3,1999-03,VIC,35
1999-03-01,1999,3,1999-03,WA,18
1999-04-01,1999,4,1999-04,ACT,2
1999-04-01,1999,4,1999-04,NSW,47
1999-04-01,1999,4,1999-04,NT,1
1999-04-01,1999,4,1999-04,QLD,19
1999-04-01,1999,4,1999-04,SA,27
1999-04-01,1999,4,1999-04,TAS,6
1999-04-01,1999,4,1999-04,VIC,35
1999-04-01,1999,4,1999-04,WA,17
1999-05-01,1999,5,1999-05,NSW,60
1999-05-01,1999,5,1999-05,NT,2
1999-05-01,1999,5,1999-05,QLD,30
1999-05-01,1999,5,1999-05,SA,11
1999-05-01,1999,5,1999-05,TAS,6
1999-05-01,1999,5,1999-05,VIC,34
1999-05-01,1999,5,1999-05,WA,14
1999-06-01,1999,6,1999-06,ACT,3
1999-06-01,1999,6,1999-06,NSW,40
1999-06-01,1999,6,1999-06,NT,6
1999-06-01,1999,6,1999-06,QLD,24
1999-06-01,1999,6,1999-06,SA,11
1999-06-01,1999,6,1999-06,TAS,3
1999-06-01,1999,6,1999-06,VIC,24
1999-06-01,1999,6,1999-06,WA,21
1999-07-01,1999,7,1999-07,NSW,39
1999-07-01,1999,7,1999-07,NT,4
1999-07-01,1999,7,1999-07,QLD,32
1999-07-01,1999,7,1999-07,SA,13
1999-07-01,1999,7,1999-07,TAS,2
1999-07-01,1999,7,1999-07,VIC,35
1999-07-01,1999,7,1999-07,WA,13
1999-08-01,1999,8,1999-08,NSW,44
1999-08-01,1999,8,1999-08,NT,7
1999-08-01,1999,8,1999-08,QLD,24
1999-08-01,1999,8,1999-08,SA,5
1999-08-01,1999,8,1999-08,TAS,4
1999-08-01,1999,8,1999-08,VIC,26
1999-08-01,1999,8,1999-08,WA,25
1999-09-01,1999,9,1999-09,ACT,2
1999-09-01,1999,9,1999-09,NSW,52
1999-09-01,1999,9,1999-09,NT,8
1999-09-01,1999,9,1999-09,QLD,30
1999-09-01,1999,9,1999-09,SA,9
1999-09-01,1999,9,1999-09,TAS,4
1999-09-01,1999,9,1999-09,VIC,27
1999-09-01,1999,9,1999-09,WA,25
1999-10-01,1999,10,1999-10,NSW,43
1999-10-01,1999,10,1999-10,NT,5
1999-10-01,1999,10,1999-10,QLD,37
1999-10-01,1999,10,1999-10,SA,14
1999-10-01,1999,10,1999-10,TAS,2
1999-10-01,1999,10,1999-10,VIC,38
1999-10-01,1999,10,1999-10,WA,15
1999-11-01,1999,11,1999-11,ACT,2
1999-11-01,1999,11,1999-11,NSW,48
1999-11-01,1999,11,1999-11,NT,3
1999-11-01,1999,11,1999-11,QLD,28
1999-11-01,1999,11,1999-11,SA,13
1999-11-01,1999,11,1999-11,TAS,8
1999-11-01,1999,11,1999-11,VIC,29
1999-11-01,1999,11,1999-11,WA,23
1999-12-01,1999,12,1999-12,ACT,5
1999-12-01,1999,12,1999-12,NSW,50
1999-12-01,1999,12,1999-12,NT,3
1999-12-01,1999,12,1999-12,QLD,26
1999-12-01,1999,12,1999-12,SA,11
1999-12-01,1999,12,1999-12,TAS,3
1999-12-01,1999,12,1999-12,VIC,37
1999-12-01,1999,12,1999-12,WA,14
2000-01-01,2000,1,2000-01,NSW,50
2000-01-01,2000,1,2000-01,NT,3
2000-01-01,2000,1,2000-01,QLD,30
2000-01-01,2000,1,2000-01,SA,11
2000-01-01,2000,1,2000-01,TAS,4
2000-01-01,2000,1,2000-01,VIC,32
2000-01-01,2000,1,2000-01,WA,16
2000-02-01,2000,2,2000-02,ACT,1
2000-02-01,2000,2,2000-02,NSW,52
2000-02-01,2000,2,2000-02,NT,3
2000-02-01,2000,2,2000-02,QLD,17
2000-02-01,2000,2,2000-02,SA,6
2000-02-01,2000,2,2000-02,TAS,8
2000-02-01,2000,2,2000-02,VIC,26
2000-02-01,2000,2,2000-02,WA,12
2000-03-01,2000,3,2000-03,ACT,2
2000-03-01,2000,3,2000-03,NSW,48
2000-03-01,2000,3,2000-03,NT,4
2000-03-01,2000,3,2000-03,QLD,32
2000-03-01,2000,3,2000-03,SA,15
2000-03-01,2000,3,2000-03,TAS,2
2000-03-01,2000,3,2000-03,VIC,46
2000-03-01,2000,3,2000-03,WA,18
2000-04-01,2000,4,2000-04,NSW,55
2000-04-01,2000,4,2000-04,NT,3
2000-04-01,2000,4,2000-04,QLD,23
2000-04-01,2000,4,2000-04,SA,16
2000-04-01,2000,4,2000-04,TAS,4
2000-04-01,2000,4,2000-04,VIC,32
2000-04-01,2000,4,2000-04,WA,14
2000-05-01,2000,5,2000-05,ACT,1
2000-05-01,2000,5,2000-05,NSW,53
2000-05-01,2000,5,2000-05,NT,4
2000-05-01,2000,5,2000-05,QLD,30
2000-05-01,2000,5,2000-05,SA,18
2000-05-01,2000,5,2000-05,TAS,5
2000-05-01,2000,5,2000-05,VIC,39
2000-05-01,2000,5,2000-05,WA,15
2000-06-01,2000,6,2000-06,ACT,1
2000-06-01,2000,6,2000-06,NSW,48
2000-06-01,2000,6,2000-06,NT,5
2000-06-01,2000,6,2000-06,QLD,20
2000-06-01,2000,6,2000-06,SA,18
2000-06-01,2000,6,2000-06,TAS,1
2000-06-01,2000,6,2000-06,VIC,32
2000-06-01,2000,6,2000-06,WA,22
2000-07-01,2000,7,2000-07,ACT,2
2000-07-01,2000,7,2000-07,NSW,58
2000-07-01,2000,7,2000-07,NT,6
2000-07-01,2000,7,2000-07,QLD,33
2000-07-01,2000,7,2000-07,SA,12
2000-07-01,2000,7,2000-07,TAS,2
2000-07-01,2000,7,2000-07,VIC,33
2000-07-01,2000,7,2000-07,WA,20
2000-08-01,2000,8,2000-08,ACT,1
2000-08-01,2000,8,2000-08,NSW,33
2000-08-01,2000,8,2000-08,NT,5
2000-08-01,2000,8,2000-08,QLD,30
2000-08-01,2000,8,2000-08,SA,12
2000-08-01,2000,8,2000-08,TAS,2
2000-08-01,2000,8,2000-08,VIC,29
2000-08-01,2000,8,2000-08,WA,14
2000-09-01,2000,9,2000-09,ACT,4
2000-09-01,2000,9,2000-09,NSW,50
2000-09-01,2000,9,2000-09,NT,5
2000-09-01,2000,9,2000-09,QLD,26
2000-09-01,2000,9,2000-09,SA,17
2000-09-01,2000,9,2000-09,TAS,3
2000-09-01,2000,9,2000-09,VIC,36
2000-09-01,2000,9,2000-09,WA,20
2000-10-01,2000,10,2000-10,ACT,4
2000-10-01,2000,10,2000-10,NSW,39
2000-10-01,2000,10,2000-10,NT,5
2000-10-01,2000,10,2000-10,QLD,25
2000-10-01,2000,10,2000-10,SA,18
2000-10-01,2000,10,2000-10,TAS,1
2000-10-01,2000,10,2000-10,VIC,29
2000-10-01,2000,10,2000-10,WA,26
2000-11-01,2000,11,2000-11,NSW,49
2000-11-01,2000,11,2000-11,NT,4
2000-11-01,2000,11,2000-11,QLD,26
2000-11-01,2000,11,2000-11,SA,10
2000-11-01,2000,11,2000-11,TAS,5
2000-11-01,2000,11,2000-11,VIC,44
2000-11-01,2000,11,2000-11,WA,18
2000-12-01,2000,12,2000-12,ACT,2
2000-12-01,2000,12,2000-12,NSW,68
2000-12-01,2000,12,2000-12,NT,4
2000-12-01,2000,12,2000-12,QLD,25
2000-12-01,2000,12,2000-12,SA,13
2000-12-01,2000,12,2000-12,TAS,6
2000-12-01,2000,12,2000-12,VIC,29
2000-12-01,2000,12,2000-12,WA,17
2001-01-01,2001,1,2001-01,ACT,2
2001-01-01,2001,1,2001-01,NSW,38
2001-01-01,2001,1,2001-01,NT,3
2001-01-01,2001,1,2001-01,QLD,25
2001-01-01,2001,1,2001-01,SA,7
2001-01-01,2001,1,2001-01,TAS,5
2001-01-01,2001,1,2001-01,VIC,44
2001-01-01,2001,1,2001-01,WA,14
2001-02-01,2001,2,2001-02,ACT,2
2001-02-01,2001,2,2001-02,NSW,39
2001-02-01,2001,2,2001-02,NT,5
2001-02-01,2001,2,2001-02,QLD,17
2001-02-01,2001,2,2001-02,SA,12
2001-02-01,2001,2,2001-02,TAS,8
2001-02-01,2001,2,2001-02,VIC,30
2001-02-01,2001,2,2001-02,WA,10
2001-03-01,2001,3,2001-03,NSW,42
2001-03-01,2001,3,2001-03,NT,2
2001-03-01,2001,3,2001-03,QLD,20
2001-03-01,2001,3,2001-03,SA,16
2001-03-01,2001,3,2001-03,TAS,14
2001-03-01,2001,3,2001-03,VIC,31
2001-03-01,2001,3,2001-03,WA,14
2001-04-01,2001,4,2001-04,NSW,42
2001-04-01,2001,4,2001-04,NT,4
2001-04-01,2001,4,2001-04,QLD,22
2001-04-01,2001,4,2001-04,SA,9
2001-04-01,2001,4,2001-04,TAS,4
2001-04-01,2001,4,2001-04,VIC,32
2001-04-01,2001,4,2001-04,WA,19
2001-05-01,2001,5,2001-05,ACT,2
2001-05-01,2001,5,2001-05,NSW,56
2001-05-01,2001,5,2001-05,NT,4
2001-05-01,2001,5,2001-05,QLD,30
2001-05-01,2001,5,2001-05,SA,10
2001-05-01,2001,5,2001-05,TAS,5
2001-05-01,2001,5,2001-05,VIC,31
2001-05-01,2001,5,2001-05,WA,17
2001-06-01,2001,6,2001-06,ACT,1
2001-06-01,2001,6,2001-06,NSW,35
2001-06-01,2001,6,2001-06,NT,7
2001-06-01,2001,6,2001-06,QLD,30
2001-06-01,2001,6,2001-06,SA,23
2001-06-01,2001,6,2001-06,TAS,7
2001-06-01,2001,6,2001-06,VIC,41
2001-06-01,2001,6,2001-06,WA,10
2001-07-01,2001,7,2001-07,ACT,1
2001-07-01,2001,7,2001-07,NSW,44
2001-07-01,2001,7,2001-07,QLD,36
2001-07-01,2001,7,2001-07,SA,8
2001-07-01,2001,7,2001-07,TAS,2
2001-07-01,2001,7,2001-07,VIC,34
2001-07-01,2001,7,2001-07,WA,17
2001-08-01,2001,8,2001-08,ACT,2
2001-08-01,2001,8,2001-08,NSW,51
2001-08-01,2001,8,2001-08,NT,5
2001-08-01,2001,8,2001-08,QLD,22
2001-08-01,2001,8,2001-08,SA,15
2001-08-01,2001,8,2001-08,TAS,4
2001-08-01,2001,8,2001-08,VIC,37
2001-08-01,2001,8,2001-08,WA,12
2001-09-01,2001,9,2001-09,ACT,2
2001-09-01,2001,9,2001-09,NSW,35
2001-09-01,2001,9,2001-09,NT,5
2001-09-01,2001,9,2001-09,QLD,34
2001-09-01,2001,9,2001-09,SA,14
2001-09-01,2001,9,2001-09,TAS,5
2001-09-01,2001,9,2001-09,VIC,35
2001-09-01,2001,9,2001-09,WA,13
2001-10-01,2001,10,2001-10,NSW,46
2001-10-01,2001,10,2001-10,NT,3
2001-10-01,2001,10,2001-10,QLD,33
2001-10-01,2001,10,2001-10,SA,13
2001-10-01,2001,10,2001-10,TAS,3
2001-10-01,2001,10,2001-10,VIC,51
2001-10-01,2001,10,2001-10,WA,14
2001-11-01,2001,11,2001-11,ACT,1
2001-11-01,2001,11,2001-11,NSW,46
2001-11-01,2001,11,2001-11,NT,4
2001-11-01,2001,11,2001-11,QLD,28
2001-11-01,2001,11,2001-11,SA,14
2001-11-01,2001,11,2001-11,TAS,4
2001-11-01,2001,11,2001-11,VIC,41
2001-11-01,2001,11,2001-11,WA,14
2001-12-01,2001,12,2001-12,ACT,3
2001-12-01,2001,12,2001-12,NSW,50
2001-12-01,2001,12,2001-12,NT,8
2001-12-01,2001,12,2001-12,QLD,27
2001-12-01,2001,12,2001-12,SA,12
2001-12-01,2001,12,2001-12,VIC,37
2001-12-01,2001,12,2001-12,WA,11
2002-01-01,2002,1,2002-01,NSW,39
2002-01-01,2002,1,2002-01,NT,1
2002-01-01,2002,1,2002-01,QLD,23
2002-01-01,2002,1,2002-01,SA,15
2002-01-01,2002,1,2002-01,TAS,3
2002-01-01,2002,1,2002-01,VIC,32
2002-01-01,2002,1,2002-01,WA,7
2002-02-01,2002,2,2002-02,NSW,45
2002-02-01,2002,2,2002-02,NT,5
2002-02-01,2002,2,2002-02,QLD,20
2002-02-01,2002,2,2002-02,SA,9
2002-02-01,2002,2,2002-02,TAS,4
2002-02-01,2002,2,2002-02,VIC,31
2002-02-01,2002,2,2002-02,WA,20
2002-03-01,2002,3,2002-03,NSW,50
2002-03-01,2002,3,2002-03,NT,1
2002-03-01,2002,3,2002-03,QLD,25
2002-03-01,2002,3,2002-03,SA,5
2002-03-01,2002,3,2002-03,TAS,7
2002-03-01,2002,3,2002-03,VIC,45
2002-03-01,2002,3,2002-03,WA,18
2002-04-01,2002,4,2002-04,ACT,1
2002-04-01,2002,4,2002-04,NSW,46
2002-04-01,2002,4,2002-04,NT,4
2002-04-01,2002,4,2002-04,QLD,24
2002-04-01,2002,4,2002-04,SA,15
2002-04-01,2002,4,2002-04,TAS,7
2002-04-01,2002,4,2002-04,VIC,31
2002-04-01,2002,4,2002-04,WA,10
2002-05-01,2002,5,2002-05,ACT,2
2002-05-01,2002,5,2002-05,NSW,56
2002-05-01,2002,5,2002-05,NT,5
2002-05-01,2002,5,2002-05,QLD,27
2002-05-01,2002,5,2002-05,SA,12
2002-05-01,2002,5,2002-05,TAS,3
2002-05-01,2002,5,2002-05,VIC,45
2002-05-01,2002,5,2002-05,WA,22
2002-06-01,2002,6,2002-06,ACT,1
2002-06-01,2002,6,2002-06,NSW,57
2002-06-01,2002,6,2002-06,NT,3
2002-06-01,2002,6,2002-06,QLD,20
2002-06-01,2002,6,2002-06,SA,12
2002-06-01,2002,6,2002-06,TAS,2
2002-06-01,2002,6,2002-06,VIC,32
2002-06-01,2002,6,2002-06,WA,13
2002-07-01,2002,7,2002-07,ACT,1
2002-07-01,2002,7,2002-07,NSW,35
2002-07-01,2002,7,2002-07,NT,5
2002-07-01,2002,7,2002-07,QLD,27
2002-07-01,2002,7,2002-07,SA,15
2002-07-01,2002,7,2002-07,TAS,1
2002-07-01,2002,7,2002-07,VIC,27
2002-07-01,2002,7,2002-07,WA,16
2002-08-01,2002,8,2002-08,ACT,3
2002-08-01,2002,8,2002-08,NSW,51
2002-08-01,2002,8,2002-08,NT,7
2002-08-01,2002,8,2002-08,QLD,35
2002-08-01,2002,8,2002-08,SA,6
2002-08-01,2002,8,2002-08,TAS,4
2002-08-01,2002,8,2002-08,VIC,25
2002-08-01,2002,8,2002-08,WA,20
2002-09-01,2002,9,2002-09,NSW,50
2002-09-01,2002,9,2002-09,NT,6
2002-09-01,2002,9,2002-09,QLD,31
2002-09-01,2002,9,2002-09,SA,13
2002-09-01,2002,9,2002-09,TAS,1
2002-09-01,2002,9,2002-09,VIC,31
2002-09-01,2002,9,2002-09,WA,11
2002-10-01,2002,10,2002-10,ACT,1
2002-10-01,2002,10,2002-10,NSW,45
2002-10-01,2002,10,2002-10,NT,4
2002-10-01,2002,10,2002-10,QLD,37
2002-10-01,2002,10,2002-10,SA,15
2002-10-01,2002,10,2002-10,TAS,1
2002-10-01,2002,10,2002-10,VIC,30
2002-10-01,2002,10,2002-10,WA,19
2002-11-01,2002,11,2002-11,ACT,1
2002-11-01,2002,11,2002-11,NSW,43
2002-11-01,2002,11,2002-11,NT,9
2002-11-01,2002,11,2002-11,QLD,30
2002-11-01,2002,11,2002-11,SA,16
2002-11-01,2002,11,2002-11,TAS,3
2002-11-01,2002,11,2002-11,VIC,31
2002-11-01,2002,11,2002-11,WA,14
2002-12-01,2002,12,2002-12,NSW,44
2002-12-01,2002,12,2002-12,NT,5
2002-12-01,2002,12,2002-12,QLD,23
2002-12-01,2002,12,2002-12,SA,21
2002-12-01,2002,12,2002-12,TAS,1
2002-12-01,2002,12,2002-12,VIC,37
2002-12-01,2002,12,2002-12,WA,9
2003-01-01,2003,1,2003-01,NSW,42
2003-01-01,2003,1,2003-01,NT,6
2003-01-01,2003,1,2003-01,QLD,21
2003-01-01,2003,1,2003-01,SA,11
2003-01-01,2003,1,2003-01,TAS,7
2003-01-01,2003,1,2003-01,VIC,21
2003-01-01,2003,1,2003-01,WA,19
2003-02-01,2003,2,2003-02,ACT,3
2003-02-01,2003,2,2003-02,NSW,40
2003-02-01,2003,2,2003-02,NT,2
2003-02-01,2003,2,2003-02,QLD,17
2003-02-01,2003,2,2003-02,SA,14
2003-02-01,2003,2,2003-02,VIC,41
2003-02-01,2003,2,2003-02,WA,12
2003-03-01,2003,3,2003-03,NSW,49
2003-03-01,2003,3,2003-03,NT,4
2003-03-01,2003,3,2003-03,QLD,23
2003-03-01,2003,3,2003-03,SA,17
2003-03-01,2003,3,2003-03,TAS,3
2003-03-01,2003,3,2003-03,VIC,36
2003-03-01,2003,3,2003-03,WA,18
2003-04-01,2003,4,2003-04,NSW,47
2003-04-01,2003,4,2003-04,NT,5
2003-04-01,2003,4,2003-04,QLD,36
2003-04-01,2003,4,2003-04,SA,8
2003-04-01,2003,4,2003-04,TAS,4
2003-04-01,2003,4,2003-04,VIC,28
2003-04-01,2003,4,2003-04,WA,22
2003-05-01,2003,5,2003-05,ACT,1
2003-05-01,2003,5,2003-05,NSW,42
2003-05-01,2003,5,2003-05,NT,3
2003-05-01,2003,5,2003-05,QLD,22
2003-05-01,2003,5,2003-05,SA,12
2003-05-01,2003,5,2003-05,TAS,3
2003-05-01,2003,5,2003-05,VIC,31
2003-05-01,2003,5,2003-05,WA,11
2003-06-01,2003,6,2003-06,ACT,3
2003-06-01,2003,6,2003-06,NSW,32
2003-06-01,2003,6,2003-06,NT,5
2003-06-01,2003,6,2003-06,QLD,37
2003-06-01,2003,6,2003-06,SA,13
2003-06-01,2003,6,2003-06,TAS,5
2003-06-01,2003,6,2003-06,VIC,28
2003-06-01,2003,6,2003-06,WA,13
2003-07-01,2003,7,2003-07,NSW,35
2003-07-01,2003,7,2003-07,NT,4
2003-07-01,2003,7,2003-07,QLD,20
2003-07-01,2003,7,2003-07,SA,12
2003-07-01,2003,7,2003-07,TAS,3
2003-07-01,2003,7,2003-07,VIC,20
2003-07-01,2003,7,2003-07,WA,12
2003-08-01,2003,8,2003-08,NSW,51
2003-08-01,2003,8,2003-08,NT,9
2003-08-01,2003,8,2003-08,QLD,28
2003-08-01,2003,8,2003-08,SA,16
2003-08-01,2003,8,2003-08,TAS,3
2003-08-01,2003,8,2003-08,VIC,23
2003-08-01,2003,8,2003-08,WA,9
2003-09-01,2003,9,2003-09,NSW,40
2003-09-01,2003,9,2003-09,NT,4
2003-09-01,2003,9,2003-09,QLD,25
2003-09-01,2003,9,2003-09,SA,12
2003-09-01,2003,9,2003-09,TAS,2
2003-09-01,2003,9,2003-09,VIC,23
2003-09-01,2003,9,2003-09,WA,14
2003-10-01,2003,10,2003-10,ACT,1
2003-10-01,2003,10,2003-10,NSW,57
2003-10-01,2003,10,2003-10,NT,1
2003-10-01,2003,10,2003-10,QLD,22
2003-10-01,2003,10,2003-10,SA,16
2003-10-01,2003,10,2003-10,TAS,4
2003-10-01,2003,10,2003-10,VIC,24
2003-10-01,2003,10,2003-10,WA,21
2003-11-01,2003,11,2003-11,ACT,1
2003-11-01,2003,11,2003-11,NSW,52
2003-11-01,2003,11,2003-11,NT,6
2003-11-01,2003,11,2003-11,QLD,31
2003-11-01,2003,11,2003-11,SA,10
2003-11-01,2003,11,2003-11,TAS,4
2003-11-01,2003,11,2003-11,VIC,24
2003-11-01,2003,11,2003-11,WA,17
2003-12-01,2003,12,2003-12,ACT,2
2003-12-01,2003,12,2003-12,NSW,52
2003-12-01,2003,12,2003-12,NT,4
2003-12-01,2003,12,2003-12,QLD,28
2003-12-01,2003,12,2003-12,SA,16
2003-12-01,2003,12,2003-12,TAS,3
2003-12-01,2003,12,2003-12,VIC,31
2003-12-01,2003,12,2003-12,WA,12
2004-01-01,2004,1,2004-01,ACT,2
2004-01-01,2004,1,2004-01,NSW,52
2004-01-01,2004,1,2004-01,NT,2
2004-01-01,2004,1,2004-01,QLD,26
2004-01-01,2004,1,2004-01,SA,13
2004-01-01,2004,1,2004-01,TAS,3
2004-01-01,2004,1,2004-01,VIC,32
2004-01-01,2004,1,2004-01,WA,17
2004-02-01,2004,2,2004-02,NSW,44
2004-02-01,2004,2,2004-02,NT,6
2004-02-01,2004,2,2004-02,QLD,12
2004-02-01,2004,2,2004-02,SA,10
2004-02-01,2004,2,2004-02,TAS,10
2004-02-01,2004,2,2004-02,VIC,22
2004-02-01,2004,2,2004-02,WA,13
2004-03-01,2004,3,2004-03,ACT,1
2004-03-01,2004,3,2004-03,NSW,48
2004-03-01,2004,3,2004-03,NT,2
2004-03-01,2004,3,2004-03,QLD,30
2004-03-01,2004,3,2004-03,SA,8
2004-03-01,2004,3,2004-03,TAS,5
2004-03-01,2004,3,2004-03,VIC,30
2004-03-01,2004,3,2004-03,WA,15
2004-04-01,2004,4,2004-04,ACT,1
2004-04-01,2004,4,2004-04,NSW,34
2004-04-01,2004,4,2004-04,NT,1
2004-04-01,2004,4,2004-04,QLD,28
2004-04-01,2004,4,2004-04,SA,10
2004-04-01,2004,4,2004-04,TAS,5
2004-04-01,2004,4,2004-04,VIC,30
2004-04-01,2004,4,2004-04,WA,14
2004-05-01,2004,5,2004-05,NSW,39
2004-05-01,2004,5,2004-05,NT,3
2004-05-01,2004,5,2004-05,QLD,25
2004-05-01,2004,5,2004-05,SA,12
2004-05-01,2004,5,2004-05,TAS,3
2004-05-01,2004,5,2004-05,VIC,46
2004-05-01,2004,5,2004-05,WA,14
2004-06-01,2004,6,2004-06,ACT,1
2004-06-01,2004,6,2004-06,NSW,41
2004-06-01,2004,6,2004-06,NT,3
2004-06-01,2004,6,2004-06,QLD,22
2004-06-01,2004,6,2004-06,SA,14
2004-06-01,2004,6,2004-06,TAS,4
2004-06-01,2004,6,2004-06,VIC,28
2004-06-01,2004,6,2004-06,WA,10
2004-07-01,2004,7,2004-07,ACT,1
2004-07-01,2004,7,2004-07,NSW,44
2004-07-01,2004,7,2004-07,NT,2
2004-07-01,2004,7,2004-07,QLD,28
2004-07-01,2004,7,2004-07,SA,18
2004-07-01,2004,7,2004-07,TAS,3
2004-07-01,2004,7,2004-07,VIC,27
2004-07-01,2004,7,2004-07,WA,16
2004-08-01,2004,8,2004-08,NSW,43
2004-08-01,2004,8,2004-08,NT,3
2004-08-01,2004,8,2004-08,QLD,32
2004-08-01,2004,8,2004-08,SA,12
2004-08-01,2004,8,2004-08,TAS,3
2004-08-01,2004,8,2004-08,VIC,26
2004-08-01,2004,8,2004-08,WA,16
2004-09-01,2004,9,2004-09,ACT,1
2004-09-01,2004,9,2004-09,NSW,35
2004-09-01,2004,9,2004-09,NT,4
2004-09-01,2004,9,2004-09,QLD,21
2004-09-01,2004,9,2004-09,SA,11
2004-09-01,2004,9,2004-09,TAS,7
2004-09-01,2004,9,2004-09,VIC,22
2004-09-01,2004,9,2004-09,WA,21
2004-10-01,2004,10,2004-10,NSW,43
2004-10-01,2004,10,2004-10,NT,2
2004-10-01,2004,10,2004-10,QLD,33
2004-10-01,2004,10,2004-10,SA,15
2004-10-01,2004,10,2004-10,TAS,4
2004-10-01,2004,10,2004-10,VIC,28
2004-10-01,2004,10,2004-10,WA,13
2004-11-01,2004,11,2004-11,ACT,2
2004-11-01,2004,11,2004-11,NSW,47
2004-11-01,2004,11,2004-11,NT,3
2004-11-01,2004,11,2004-11,QLD,28
2004-11-01,2004,11,2004-11,SA,7
2004-11-01,2004,11,2004-11,TAS,9
2004-11-01,2004,11,2004-11,VIC,25
2004-11-01,2004,11,2004-11,WA,10
2004-12-01,2004,12,2004-12,NSW,40
2004-12-01,2004,12,2004-12,NT,4
2004-12-01,2004,12,2004-12,QLD,26
2004-12-01,2004,12,2004-12,SA,9
2004-12-01,2004,12,2004-12,TAS,2
2004-12-01,2004,12,2004-12,VIC,27
2004-12-01,2004,12,2004-12,WA,19
2005-01-01,2005,1,2005-01,ACT,1
2005-01-01,2005,1,2005-01,NSW,35
2005-01-01,2005,1,2005-01,NT,1
2005-01-01,2005,1,2005-01,QLD,17
2005-01-01,2005,1,2005-01,SA,6
2005-01-01,2005,1,2005-01,TAS,4
2005-01-01,2005,1,2005-01,VIC,33
2005-01-01,2005,1,2005-01,WA,14
2005-02-01,2005,2,2005-02,ACT,2
2005-02-01,2005,2,2005-02,NSW,38
2005-02-01,2005,2,2005-02,NT,5
2005-02-01,2005,2,2005-02,QLD,21
2005-02-01,2005,2,2005-02,SA,9
2005-02-01,2005,2,2005-02,TAS,2
2005-02-01,2005,2,2005-02,VIC,27
2005-02-01,2005,2,2005-02,WA,14
2005-03-01,2005,3,2005-03,ACT,1
2005-03-01,2005,3,2005-03,NSW,37
2005-03-01,2005,3,2005-03,NT,4
2005-03-01,2005,3,2005-03,QLD,24
2005-03-01,2005,3,2005-03,SA,27
2005-03-01,2005,3,2005-03,TAS,2
2005-03-01,2005,3,2005-03,VIC,47
2005-03-01,2005,3,2005-03,WA,14
2005-04-01,2005,4,2005-04,ACT,4
2005-04-01,2005,4,2005-04,NSW,45
2005-04-01,2005,4,2005-04,NT,4
2005-04-01,2005,4,2005-04,QLD,32
2005-04-01,2005,4,2005-04,SA,10
2005-04-01,2005,4,2005-04,VIC,21
2005-04-01,2005,4,2005-04,WA,18
2005-05-01,2005,5,2005-05,ACT,3
2005-05-01,2005,5,2005-05,NSW,56
2005-05-01,2005,5,2005-05,NT,1
2005-05-01,2005,5,2005-05,QLD,21
2005-05-01,2005,5,2005-05,SA,14
2005-05-01,2005,5,2005-05,TAS,8
2005-05-01,2005,5,2005-05,VIC,29
2005-05-01,2005,5,2005-05,WA,12
2005-06-01,2005,6,2005-06,NSW,40
2005-06-01,2005,6,2005-06,NT,7
2005-06-01,2005,6,2005-06,QLD,29
2005-06-01,2005,6,2005-06,SA,7
2005-06-01,2005,6,2005-06,TAS,9
2005-06-01,2005,6,2005-06,VIC,23
2005-06-01,2005,6,2005-06,WA,7
2005-07-01,2005,7,2005-07,ACT,6
2005-07-01,2005,7,2005-07,NSW,50
2005-07-01,2005,7,2005-07,NT,5
2005-07-01,2005,7,2005-07,QLD,22
2005-07-01,2005,7,2005-07,SA,17
2005-07-01,2005,7,2005-07,VIC,30
2005-07-01,2005,7,2005-07,WA,10
2005-08-01,2005,8,2005-08,ACT,1
2005-08-01,2005,8,2005-08,NSW,40
2005-08-01,2005,8,2005-08,NT,7
2005-08-01,2005,8,2005-08,QLD,42
2005-08-01,2005,8,2005-08,SA,14
2005-08-01,2005,8,2005-08,TAS,3
2005-08-01,2005,8,2005-08,VIC,25
2005-08-01,2005,8,2005-08,WA,19
2005-09-01,2005,9,2005-09,ACT,3
2005-09-01,2005,9,2005-09,NSW,44
2005-09-01,2005,9,2005-09,NT,8
2005-09-01,2005,9,2005-09,QLD,25
2005-09-01,2005,9,2005-09,SA,8
2005-09-01,2005,9,2005-09,TAS,5
2005-09-01,2005,9,2005-09,VIC,25
2005-09-01,2005,9,2005-09,WA,18
2005-10-01,2005,10,2005-10,ACT,2
2005-10-01,2005,10,2005-10,NSW,40
2005-10-01,2005,10,2005-10,NT,3
2005-10-01,2005,10,2005-10,QLD,30
2005-10-01,2005,10,2005-10,SA,8
2005-10-01,2005,10,2005-10,TAS,4
2005-10-01,2005,10,2005-10,VIC,33
2005-10-01,2005,10,2005-10,WA,9
2005-11-01,2005,11,2005-11,ACT,2
2005-11-01,2005,11,2005-11,NSW,37
2005-11-01,2005,11,2005-11,NT,5
2005-11-01,2005,11,2005-11,QLD,30
2005-11-01,2005,11,2005-11,SA,14
2005-11-01,2005,11,2005-11,TAS,6
2005-11-01,2005,11,2005-11,VIC,17
2005-11-01,2005,11,2005-11,WA,13
2005-12-01,2005,12,2005-12,ACT,1
2005-12-01,2005,12,2005-12,NSW,46
2005-12-01,2005,12,2005-12,NT,5
2005-12-01,2005,12,2005-12,QLD,37
2005-12-01,2005,12,2005-12,SA,14
2005-12-01,2005,12,2005-12,TAS,8
2005-12-01,2005,12,2005-12,VIC,36
2005-12-01,2005,12,2005-12,WA,15
2006-01-01,2006,1,2006-01,NSW,57
2006-01-01,2006,1,2006-01,NT,1
2006-01-01,2006,1,2006-01,QLD,29
2006-01-01,2006,1,2006-01,SA,13
2006-01-01,2006,1,2006-01,TAS,5
2006-01-01,2006,1,2006-01,VIC,24
2006-01-01,2006,1,2006-01,WA,26
2006-02-01,2006,2,2006-02,ACT,2
2006-02-01,2006,2,2006-02,NSW,39
2006-02-01,2006,2,2006-02,NT,2
2006-02-01,2006,2,2006-02,QLD,20
2006-02-01,2006,2,2006-02,SA,8
2006-02-01,2006,2,2006-02,TAS,7
2006-02-01,2006,2,2006-02,VIC,37
2006-02-01,2006,2,2006-02,WA,12
2006-03-01,2006,3,2006-03,NSW,54
2006-03-01,2006,3,2006-03,NT,2
2006-03-01,2006,3,2006-03,QLD,25
2006-03-01,2006,3,2006-03,SA,12
2006-03-01,2006,3,2006-03,TAS,3
2006-03-01,2006,3,2006-03,VIC,23
2006-03-01,2006,3,2006-03,WA,12
2006-04-01,2006,4,2006-04,NSW,49
2006-04-01,2006,4,2006-04,NT,5
2006-04-01,2006,4,2006-04,QLD,26
2006-04-01,2006,4,2006-04,SA,10
2006-04-01,2006,4,2006-04,VIC,23
2006-04-01,2006,4,2006-04,WA,11
2006-05-01,2006,5,2006-05,ACT,1
2006-05-01,2006,5,2006-05,NSW,37
2006-05-01,2006,5,2006-05,NT,2
2006-05-01,2006,5,2006-05,QLD,29
2006-05-01,2006,5,2006-05,SA,12
2006-05-01,2006,5,2006-05,TAS,9
2006-05-01,2006,5,2006-05,VIC,27
2006-05-01,2006,5,2006-05,WA,15
2006-06-01,2006,6,2006-06,ACT,1
2006-06-01,2006,6,2006-06,NSW,43
2006-06-01,2006,6,2006-06,NT,3
2006-06-01,2006,6,2006-06,QLD,27
2006-06-01,2006,6,2006-06,SA,16
2006-06-01,2006,6,2006-06,TAS,6
2006-06-01,2006,6,2006-06,VIC,23
2006-06-01,2006,6,2006-06,WA,17
2006-07-01,2006,7,2006-07,NSW,34
2006-07-01,2006,7,2006-07,NT,6
2006-07-01,2006,7,2006-07,QLD,25
2006-07-01,2006,7,2006-07,SA,8
2006-07-01,2006,7,2006-07,TAS,1
2006-07-01,2006,7,2006-07,VIC,25
2006-07-01,2006,7,2006-07,WA,16
2006-08-01,2006,8,2006-08,ACT,2
2006-08-01,2006,8,2006-08,NSW,34
2006-08-01,2006,8,2006-08,NT,11
2006-08-01,2006,8,2006-08,QLD,28
2006-08-01,2006,8,2006-08,SA,8
2006-08-01,2006,8,2006-08,TAS,3
2006-08-01,2006,8,2006-08,VIC,22
2006-08-01,2006,8,2006-08,WA,19
2006-09-01,2006,9,2006-09,ACT,1
2006-09-01,2006,9,2006-09,NSW,33
2006-09-01,2006,9,2006-09,NT,1
2006-09-01,2006,9,2006-09,QLD,32
2006-09-01,2006,9,2006-09,SA,8
2006-09-01,2006,9,2006-09,TAS,5
2006-09-01,2006,9,2006-09,VIC,43
2006-09-01,2006,9,2006-09,WA,16
2006-10-01,2006,10,2006-10,ACT,2
2006-10-01,2006,10,2006-10,NSW,42
2006-10-01,2006,10,2006-10,NT,5
2006-10-01,2006,10,2006-10,QLD,29
2006-10-01,2006,10,2006-10,SA,4
2006-10-01,2006,10,2006-10,TAS,2
2006-10-01,2006,10,2006-10,VIC,20
2006-10-01,2006,10,2006-10,WA,17
2006-11-01,2006,11,2006-11,ACT,1
2006-11-01,2006,11,2006-11,NSW,38
2006-11-01,2006,11,2006-11,NT,4
2006-11-01,2006,11,2006-11,QLD,30
2006-11-01,2006,11,2006-11,SA,8
2006-11-01,2006,11,2006-11,TAS,9
2006-11-01,2006,11,2006-11,VIC,31
2006-11-01,2006,11,2006-11,WA,16
2006-12-01,2006,12,2006-12,ACT,3
2006-12-01,2006,12,2006-12,NSW,36
2006-12-01,2006,12,2006-12,NT,3
2006-12-01,2006,12,2006-12,QLD,35
2006-12-01,2006,12,2006-12,SA,10
2006-12-01,2006,12,2006-12,TAS,5
2006-12-01,2006,12,2006-12,VIC,39
2006-12-01,2006,12,2006-12,WA,23
2007-01-01,2007,1,2007-01,NSW,34
2007-01-01,2007,1,2007-01,NT,5
2007-01-01,2007,1,2007-01,QLD,21
2007-01-01,2007,1,2007-01,SA,12
2007-01-01,2007,1,2007-01,TAS,5
2007-01-01,2007,1,2007-01,VIC,23
2007-01-01,2007,1,2007-01,WA,32
2007-02-01,2007,2,2007-02,ACT,1
2007-02-01,2007,2,2007-02,NSW,30
2007-02-01,2007,2,2007-02,NT,3
2007-02-01,2007,2,2007-02,QLD,36
2007-02-01,2007,2,2007-02,SA,9
2007-02-01,2007,2,2007-02,TAS,4
2007-02-01,2007,2,2007-02,VIC,23
2007-02-01,2007,2,2007-02,WA,15
2007-03-01,2007,3,2007-03,ACT,1
2007-03-01,2007,3,2007-03,NSW,42
2007-03-01,2007,3,2007-03,NT,2
2007-03-01,2007,3,2007-03,QLD,30
2007-03-01,2007,3,2007-03,SA,10
2007-03-01,2007,3,2007-03,TAS,5
2007-03-01,2007,3,2007-03,VIC,32
2007-03-01,2007,3,2007-03,WA,27
2007-04-01,2007,4,2007-04,ACT,3
2007-04-01,2007,4,2007-04,NSW,47
2007-04-01,2007,4,2007-04,NT,1
2007-04-01,2007,4,2007-04,QLD,25
2007-04-01,2007,4,2007-04,SA,14
2007-04-01,2007,4,2007-04,TAS,11
2007-04-01,2007,4,2007-04,VIC,25
2007-04-01,2007,4,2007-04,WA,10
2007-05-01,2007,5,2007-05,ACT,1
2007-05-01,2007,5,2007-05,NSW,31
2007-05-01,2007,5,2007-05,NT,3
2007-05-01,2007,5,2007-05,QLD,41
2007-05-01,2007,5,2007-05,SA,8
2007-05-01,2007,5,2007-05,TAS,2
2007-05-01,2007,5,2007-05,VIC,26
2007-05-01,2007,5,2007-05,WA,21
2007-06-01,2007,6,2007-06,ACT,2
2007-06-01,2007,6,2007-06,NSW,41
2007-06-01,2007,6,2007-06,NT,7
2007-06-01,2007,6,2007-06,QLD,34
2007-06-01,2007,6,2007-06,SA,5
2007-06-01,2007,6,2007-06,TAS,4
2007-06-01,2007,6,2007-06,VIC,28
2007-06-01,2007,6,2007-06,WA,11
2007-07-01,2007,7,2007-07,ACT,1
2007-07-01,2007,7,2007-07,NSW,41
2007-07-01,2007,7,2007-07,NT,6
2007-07-01,2007,7,2007-07,QLD,29
2007-07-01,2007,7,2007-07,SA,7
2007-07-01,2007,7,2007-07,TAS,4
2007-07-01,2007,7,2007-07,VIC,28
2007-07-01,2007,7,2007-07,WA,18
2007-08-01,2007,8,2007-08,ACT,2
2007-08-01,2007,8,2007-08,NSW,30
2007-08-01,2007,8,2007-08,NT,6
2007-08-01,2007,8,2007-08,QLD,37
2007-08-01,2007,8,2007-08,SA,11
2007-08-01,2007,8,2007-08,TAS,2
2007-08-01,2007,8,2007-08,VIC,20
2007-08-01,2007,8,2007-08,WA,20
2007-09-01,2007,9,2007-09,NSW,32
2007-09-01,2007,9,2007-09,NT,4
2007-09-01,2007,9,2007-09,QLD,31
2007-09-01,2007,9,2007-09,SA,10
2007-09-01,2007,9,2007-09,TAS,1
2007-09-01,2007,9,2007-09,VIC,23
2007-09-01,2007,9,2007-09,WA,19
2007-10-01,2007,10,2007-10,ACT,1
2007-10-01,2007,10,2007-10,NSW,33
2007-10-01,2007,10,2007-10,NT,7
2007-10-01,2007,10,2007-10,QLD,23
2007-10-01,2007,10,2007-10,SA,11
2007-10-01,2007,10,2007-10,TAS,1
2007-10-01,2007,10,2007-10,VIC,37
2007-10-01,2007,10,2007-10,WA,16
2007-11-01,2007,11,2007-11,ACT,1
2007-11-01,2007,11,2007-11,NSW,37
2007-11-01,2007,11,2007-11,NT,4
2007-11-01,2007,11,2007-11,QLD,28
2007-11-01,2007,11,2007-11,SA,13
2007-11-01,2007,11,2007-11,TAS,2
2007-11-01,2007,11,2007-11,VIC,26
2007-11-01,2007,11,2007-11,WA,20
2007-12-01,2007,12,2007-12,ACT,1
2007-12-01,2007,12,2007-12,NSW,37
2007-12-01,2007,12,2007-12,NT,10
2007-12-01,2007,12,2007-12,QLD,25
2007-12-01,2007,12,2007-12,SA,14
2007-12-01,2007,12,2007-12,TAS,4
2007-12-01,2007,12,2007-12,VIC,41
2007-12-01,2007,12,2007-12,WA,26
2008-01-01,2008,1,2008-01,ACT,1
2008-01-01,2008,1,2008-01,NSW,28
2008-01-01,2008,1,2008-01,NT,2
2008-01-01,2008,1,2008-01,QLD,28
2008-01-01,2008,1,2008-01,SA,5
2008-01-01,2008,1,2008-01,TAS,5
2008-01-01,2008,1,2008-01,VIC,28
2008-01-01,2008,1,2008-01,WA,15
2008-02-01,2008,2,2008-02,ACT,1
2008-02-01,2008,2,2008-02,NSW,29
2008-02-01,2008,2,2008-02,NT,5
2008-02-01,2008,2,2008-02,QLD,24
2008-02-01,2008,2,2008-02,SA,9
2008-02-01,2008,2,2008-02,TAS,3
2008-02-01,2008,2,2008-02,VIC,20
2008-02-01,2008,2,2008-02,WA,12
2008-03-01,2008,3,2008-03,NSW,29
2008-03-01,2008,3,2008-03,NT,4
2008-03-01,2008,3,2008-03,QLD,28
2008-03-01,2008,3,2008-03,SA,7
2008-03-01,2008,3,2008-03,TAS,7
2008-03-01,2008,3,2008-03,VIC,37
2008-03-01,2008,3,2008-03,WA,22
2008-04-01,2008,4,2008-04,ACT,1
2008-04-01,2008,4,2008-04,NSW,26
2008-04-01,2008,4,2008-04,NT,4
2008-04-01,2008,4,2008-04,QLD,26
2008-04-01,2008,4,2008-04,SA,9
2008-04-01,2008,4,2008-04,TAS,3
2008-04-01,2008,4,2008-04,VIC,25
2008-04-01,2008,4,2008-04,WA,14
2008-05-01,2008,5,2008-05,ACT,2
2008-05-01,2008,5,2008-05,NSW,24
2008-05-01,2008,5,2008-05,NT,10
2008-05-01,2008,5,2008-05,QLD,21
2008-05-01,2008,5,2008-05,SA,5
2008-05-01,2008,5,2008-05,TAS,4
2008-05-01,2008,5,2008-05,VIC,25
2008-05-01,2008,5,2008-05,WA,17
2008-06-01,2008,6,2008-06,ACT,3
2008-06-01,2008,6,2008-06,NSW,30
2008-06-01,2008,6,2008-06,NT,7
2008-06-01,2008,6,2008-06,QLD,31
2008-06-01,2008,6,2008-06,SA,6
2008-06-01,2008,6,2008-06,TAS,5
2008-06-01,2008,6,2008-06,VIC,20
2008-06-01,2008,6,2008-06,WA,22
2008-07-01,2008,7,2008-07,ACT,1
2008-07-01,2008,7,2008-07,NSW,34
2008-07-01,2008,7,2008-07,NT,7
2008-07-01,2008,7,2008-07,QLD,32
2008-07-01,2008,7,2008-07,SA,8
2008-07-01,2008,7,2008-07,TAS,2
2008-07-01,2008,7,2008-07,VIC,27
2008-07-01,2008,7,2008-07,WA,13
2008-08-01,2008,8,2008-08,ACT,3
2008-08-01,2008,8,2008-08,NSW,35
2008-08-01,2008,8,2008-08,NT,10
2008-08-01,2008,8,2008-08,QLD,34
2008-08-01,2008,8,2008-08,SA,11
2008-08-01,2008,8,2008-08,TAS,1
2008-08-01,2008,8,2008-08,VIC,27
2008-08-01,2008,8,2008-08,WA,18
2008-09-01,2008,9,2008-09,ACT,1
2008-09-01,2008,9,2008-09,NSW,33
2008-09-01,2008,9,2008-09,NT,8
2008-09-01,2008,9,2008-09,QLD,25
2008-09-01,2008,9,2008-09,SA,14
2008-09-01,2008,9,2008-09,VIC,18
2008-09-01,2008,9,2008-09,WA,11
2008-10-01,2008,10,2008-10,NSW,39
2008-10-01,2008,10,2008-10,NT,9
2008-10-01,2008,10,2008-10,QLD,26
2008-10-01,2008,10,2008-10,SA,6
2008-10-01,2008,10,2008-10,TAS,2
2008-10-01,2008,10,2008-10,VIC,25
2008-10-01,2008,10,2008-10,WA,18
2008-11-01,2008,11,2008-11,NSW,31
2008-11-01,2008,11,2008-11,NT,5
2008-11-01,2008,11,2008-11,QLD,23
2008-11-01,2008,11,2008-11,SA,9
2008-11-01,2008,11,2008-11,TAS,1
2008-11-01,2008,11,2008-11,VIC,26
2008-11-01,2008,11,2008-11,WA,21
2008-12-01,2008,12,2008-12,ACT,1
2008-12-01,2008,12,2008-12,NSW,36
2008-12-01,2008,12,2008-12,NT,4
2008-12-01,2008,12,2008-12,QLD,30
2008-12-01,2008,12,2008-12,SA,10
2008-12-01,2008,12,2008-12,TAS,6
2008-12-01,2008,12,2008-12,VIC,25
2008-12-01,2008,12,2008-12,WA,22
2009-01-01,2009,1,2009-01,NSW,26
2009-01-01,2009,1,2009-01,NT,2
2009-01-01,2009,1,2009-01,QLD,27
2009-01-01,2009,1,2009-01,SA,6
2009-01-01,2009,1,2009-01,TAS,11
2009-01-01,2009,1,2009-01,VIC,31
2009-01-01,2009,1,2009-01,WA,12
2009-02-01,2009,2,2009-02,NSW,34
2009-02-01,2009,2,2009-02,QLD,26
2009-02-01,2009,2,2009-02,SA,15
2009-02-01,2009,2,2009-02,TAS,4
2009-02-01,2009,2,2009-02,VIC,18
2009-02-01,2009,2,2009-02,WA,20
2009-03-01,2009,3,2009-03,ACT,3
2009-03-01,2009,3,2009-03,NSW,39
2009-03-01,2009,3,2009-03,NT,2
2009-03-01,2009,3,2009-03,QLD,31
2009-03-01,2009,3,2009-03,SA,13
2009-03-01,2009,3,2009-03,TAS,5
2009-03-01,2009,3,2009-03,VIC,23
2009-03-01,2009,3,2009-03,WA,16
2009-04-01,2009,4,2009-04,ACT,1
2009-04-01,2009,4,2009-04,NSW,55
2009-04-01,2009,4,2009-04,NT,2
2009-04-01,2009,4,2009-04,QLD,36
2009-04-01,2009,4,2009-04,SA,7
2009-04-01,2009,4,2009-04,TAS,7
2009-04-01,2009,4,2009-04,VIC,32
2009-04-01,2009,4,2009-04,WA,13
2009-05-01,2009,5,2009-05,ACT,1
2009-05-01,2009,5,2009-05,NSW,36
2009-05-01,2009,5,2009-05,NT,3
2009-05-01,2009,5,2009-05,QLD,27
2009-05-01,2009,5,2009-05,SA,20
2009-05-01,2009,5,2009-05,TAS,7
2009-05-01,2009,5,2009-05,VIC,19
2009-05-01,2009,5,2009-05,WA,17
2009-06-01,2009,6,2009-06,ACT,2
2009-06-01,2009,6,2009-06,NSW,35
2009-06-01,2009,6,2009-06,NT,4
2009-06-01,2009,6,2009-06,QLD,34
2009-06-01,2009,6,2009-06,SA,9
2009-06-01,2009,6,2009-06,TAS,3
2009-06-01,2009,6,2009-06,VIC,30
2009-06-01,2009,6,2009-06,WA,14
2009-07-01,2009,7,2009-07,ACT,1
2009-07-01,2009,7,2009-07,NSW,27
2009-07-01,2009,7,2009-07,NT,3
2009-07-01,2009,7,2009-07,QLD,32
2009-07-01,2009,7,2009-07,SA,5
2009-07-01,2009,7,2009-07,TAS,13
2009-07-01,2009,7,2009-07,VIC,19
2009-07-01,2009,7,2009-07,WA,9
2009-08-01,2009,8,2009-08,NSW,49
2009-08-01,2009,8,2009-08,NT,2
2009-08-01,2009,8,2009-08,QLD,23
2009-08-01,2009,8,2009-08,SA,9
2009-08-01,2009,8,2009-08,TAS,2
2009-08-01,2009,8,2009-08,VIC,21
2009-08-01,2009,8,2009-08,WA,11
2009-09-01,2009,9,2009-09,ACT,2
2009-09-01,2009,9,2009-09,NSW,42
2009-09-01,2009,9,2009-09,NT,4
2009-09-01,2009,9,2009-09,QLD,32
2009-09-01,2009,9,2009-09,SA,11
2009-09-01,2009,9,2009-09,VIC,14
2009-09-01,2009,9,2009-09,WA,8
2009-10-01,2009,10,2009-10,ACT,2
2009-10-01,2009,10,2009-10,NSW,45
2009-10-01,2009,10,2009-10,NT,5
2009-10-01,2009,10,2009-10,QLD,22
2009-10-01,2009,10,2009-10,SA,7
2009-10-01,2009,10,2009-10,TAS,2
2009-10-01,2009,10,2009-10,VIC,28
2009-10-01,2009,10,2009-10,WA,32
2009-11-01,2009,11,2009-11,NSW,30
2009-11-01,2009,11,2009-11,NT,2
2009-11-01,2009,11,2009-11,QLD,22
2009-11-01,2009,11,2009-11,SA,9
2009-11-01,2009,11,2009-11,TAS,2
2009-11-01,2009,11,2009-11,VIC,21
2009-11-01,2009,11,2009-11,WA,21
2009-12-01,2009,12,2009-12,NSW,36
2009-12-01,2009,12,2009-12,NT,2
2009-12-01,2009,12,2009-12,QLD,19
2009-12-01,2009,12,2009-12,SA,8
2009-12-01,2009,12,2009-12,TAS,7
2009-12-01,2009,12,2009-12,VIC,34
2009-12-01,2009,12,2009-12,WA,18
2010-01-01,2010,1,2010-01,ACT,1
2010-01-01,2010,1,2010-01,NSW,43
2010-01-01,2010,1,2010-01,NT,5
2010-01-01,2010,1,2010-01,QLD,15
2010-01-01,2010,1,2010-01,SA,21
2010-01-01,2010,1,2010-01,TAS,4
2010-01-01,2010,1,2010-01,VIC,26
2010-01-01,2010,1,2010-01,WA,11
2010-02-01,2010,2,2010-02,ACT,2
2010-02-01,2010,2,2010-02,NSW,34
2010-02-01,2010,2,2010-02,NT,1
2010-02-01,2010,2,2010-02,QLD,20
2010-02-01,2010,2,2010-02,SA,9
2010-02-01,2010,2,2010-02,TAS,2
2010-02-01,2010,2,2010-02,VIC,25
2010-02-01,2010,2,2010-02,WA,5
2010-03-01,2010,3,2010-03,ACT,5
2010-03-01,2010,3,2010-03,NSW,26
2010-03-01,2010,3,2010-03,NT,3
2010-03-01,2010,3,2010-03,QLD,16
2010-03-01,2010,3,2010-03,SA,10
2010-03-01,2010,3,2010-03,TAS,4
2010-03-01,2010,3,2010-03,VIC,23
2010-03-01,2010,3,2010-03,WA,17
2010-04-01,2010,4,2010-04,ACT,3
2010-04-01,2010,4,2010-04,NSW,43
2010-04-01,2010,4,2010-04,NT,2
2010-04-01,2010,4,2010-04,QLD,20
2010-04-01,2010,4,2010-04,SA,9
2010-04-01,2010,4,2010-04,TAS,1
2010-04-01,2010,4,2010-04,VIC,20
2010-04-01,2010,4,2010-04,WA,17
2010-05-01,2010,5,2010-05,ACT,3
2010-05-01,2010,5,2010-05,NSW,37
2010-05-01,2010,5,2010-05,NT,3
2010-05-01,2010,5,2010-05,QLD,22
2010-05-01,2010,5,2010-05,SA,12
2010-05-01,2010,5,2010-05,TAS,5
2010-05-01,2010,5,2010-05,VIC,31
2010-05-01,2010,5,2010-05,WA,21
2010-06-01,2010,6,2010-06,ACT,1
2010-06-01,2010,6,2010-06,NSW,33
2010-06-01,2010,6,2010-06,NT,3
2010-06-01,2010,6,2010-06,QLD,26
2010-06-01,2010,6,2010-06,SA,8
2010-06-01,2010,6,2010-06,TAS,1
2010-06-01,2010,6,2010-06,VIC,26
2010-06-01,2010,6,2010-06,WA,13
2010-07-01,2010,7,2010-07,ACT,2
2010-07-01,2010,7,2010-07,NSW,23
2010-07-01,2010,7,2010-07,NT,10
2010-07-01,2010,7,2010-07,QLD,23
2010-07-01,2010,7,2010-07,SA,7
2010-07-01,2010,7,2010-07,TAS,2
2010-07-01,2010,7,2010-07,VIC,26
2010-07-01,2010,7,2010-07,WA,14
2010-08-01,2010,8,2010-08,NSW,27
2010-08-01,2010,8,2010-08,NT,7
2010-08-01,2010,8,2010-08,QLD,15
2010-08-01,2010,8,2010-08,SA,7
2010-08-01,2010,8,2010-08,TAS,3
2010-08-01,2010,8,2010-08,VIC,18
2010-08-01,2010,8,2010-08,WA,17
2010-09-01,2010,9,2010-09,ACT,1
2010-09-01,2010,9,2010-09,NSW,37
2010-09-01,2010,9,2010-09,NT,3
2010-09-01,2010,9,2010-09,QLD,25
2010-09-01,2010,9,2010-09,SA,3
2010-09-01,2010,9,2010-09,TAS,1
2010-09-01,2010,9,2010-09,VIC,17
2010-09-01,2010,9,2010-09,WA,17
2010-10-01,2010,10,2010-10,NSW,39
2010-10-01,2010,10,2010-10,NT,4
2010-10-01,2010,10,2010-10,QLD,17
2010-10-01,2010,10,2010-10,SA,12
2010-10-01,2010,10,2010-10,TAS,1
2010-10-01,2010,10,2010-10,VIC,36
2010-10-01,2010,10,2010-10,WA,12
2010-11-01,2010,11,2010-11,NSW,38
2010-11-01,2010,11,2010-11,NT,4
2010-11-01,2010,11,2010-11,QLD,25
2010-11-01,2010,11,2010-11,SA,12
2010-11-01,2010,11,2010-11,TAS,3
2010-11-01,2010,11,2010-11,VIC,12
2010-11-01,2010,11,2010-11,WA,25
2010-12-01,2010,12,2010-12,ACT,1
2010-12-01,2010,12,2010-12,NSW,25
2010-12-01,2010,12,2010-12,NT,5
2010-12-01,2010,12,2010-12,QLD,25
2010-12-01,2010,12,2010-12,SA,8
2010-12-01,2010,12,2010-12,TAS,4
2010-12-01,2010,12,2010-12,VIC,28
2010-12-01,2010,12,2010-12,WA,24
2011-01-01,2011,1,2011-01,ACT,2
2011-01-01,2011,1,2011-01,NSW,28
2011-01-01,2011,1,2011-01,QLD,17
2011-01-01,2011,1,2011-01,SA,12
2011-01-01,2011,1,2011-01,TAS,3
2011-01-01,2011,1,2011-01,VIC,18
2011-01-01,2011,1,2011-01,WA,10
2011-02-01,2011,2,2011-02,NSW,30
2011-02-01,2011,2,2011-02,NT,2
2011-02-01,2011,2,2011-02,QLD,16
2011-02-01,2011,2,2011-02,SA,9
2011-02-01,2011,2,2011-02,TAS,2
2011-02-01,2011,2,2011-02,VIC,20
2011-02-01,2011,2,2011-02,WA,20
2011-03-01,2011,3,2011-03,ACT,4
2011-03-01,2011,3,2011-03,NSW,31
2011-03-01,2011,3,2011-03,QLD,23
2011-03-01,2011,3,2011-03,SA,7
2011-03-01,2011,3,2011-03,TAS,2
2011-03-01,2011,3,2011-03,VIC,34
2011-03-01,2011,3,2011-03,WA,11
2011-04-01,2011,4,2011-04,NSW,25
2011-04-01,2011,4,2011-04,NT,3
2011-04-01,2011,4,2011-04,QLD,23
2011-04-01,2011,4,2011-04,SA,12
2011-04-01,2011,4,2011-04,TAS,2
2011-04-01,2011,4,2011-04,VIC,31
2011-04-01,2011,4,2011-04,WA,19
2011-05-01,2011,5,2011-05,NSW,25
2011-05-01,2011,5,2011-05,NT,2
2011-05-01,2011,5,2011-05,QLD,26
2011-05-01,2011,5,2011-05,SA,11
2011-05-01,2011,5,2011-05,TAS,2
2011-05-01,2011,5,2011-05,VIC,30
2011-05-01,2011,5,2011-05,WA,13
2011-06-01,2011,6,2011-06,NSW,27
2011-06-01,2011,6,2011-06,NT,4
2011-06-01,2011,6,2011-06,QLD,16
2011-06-01,2011,6,2011-06,SA,11
2011-06-01,2011,6,2011-06,TAS,6
2011-06-01,2011,6,2011-06,VIC,24
2011-06-01,2011,6,2011-06,WA,17
2011-07-01,2011,7,2011-07,NSW,29
2011-07-01,2011,7,2011-07,NT,9
2011-07-01,2011,7,2011-07,QLD,25
2011-07-01,2011,7,2011-07,SA,7
2011-07-01,2011,7,2011-07,VIC,25
2011-07-01,2011,7,2011-07,WA,5
2011-08-01,2011,8,2011-08,NSW,38
2011-08-01,2011,8,2011-08,NT,3
2011-08-01,2011,8,2011-08,QLD,29
2011-08-01,2011,8,2011-08,SA,8
2011-08-01,2011,8,2011-08,TAS,1
2011-08-01,2011,8,2011-08,VIC,14
2011-08-01,2011,8,2011-08,WA,17
2011-09-01,2011,9,2011-09,NSW,29
2011-09-01,2011,9,2011-09,NT,5
2011-09-01,2011,9,2011-09,QLD,20
2011-09-01,2011,9,2011-09,SA,6
2011-09-01,2011,9,2011-09,VIC,12
2011-09-01,2011,9,2011-09,WA,17
2011-10-01,2011,10,2011-10,NSW,23
2011-10-01,2011,10,2011-10,NT,5
2011-10-01,2011,10,2011-10,QLD,16
2011-10-01,2011,10,2011-10,SA,7
2011-10-01,2011,10,2011-10,TAS,1
2011-10-01,2011,10,2011-10,VIC,22
2011-10-01,2011,10,2011-10,WA,17
2011-11-01,2011,11,2011-11,NSW,39
2011-11-01,2011,11,2011-11,NT,6
2011-11-01,2011,11,2011-11,QLD,33
2011-11-01,2011,11,2011-11,SA,6
2011-11-01,2011,11,2011-11,TAS,3
2011-11-01,2011,11,2011-11,VIC,30
2011-11-01,2011,11,2011-11,WA,18
2011-12-01,2011,12,2011-12,NSW,40
2011-12-01,2011,12,2011-12,NT,6
2011-12-01,2011,12,2011-12,QLD,25
2011-12-01,2011,12,2011-12,SA,7
2011-12-01,2011,12,2011-12,TAS,2
2011-12-01,2011,12,2011-12,VIC,27
2011-12-01,2011,12,2011-12,WA,15
2012-01-01,2012,1,2012-01,NSW,32
2012-01-01,2012,1,2012-01,NT,3
2012-01-01,2012,1,2012-01,QLD,25
2012-01-01,2012,1,2012-01,SA,6
2012-01-01,2012,1,2012-01,TAS,2
2012-01-01,2012,1,2012-01,VIC,30
2012-01-01,2012,1,2012-01,WA,9
2012-02-01,2012,2,2012-02,NSW,25
2012-02-01,2012,2,2012-02,NT,2
2012-02-01,2012,2,2012-02,QLD,17
2012-02-01,2012,2,2012-02,SA,9
2012-02-01,2012,2,2012-02,TAS,3
2012-02-01,2012,2,2012-02,VIC,20
2012-02-01,2012,2,2012-02,WA,18
2012-03-01,2012,3,2012-03,NSW,33
2012-03-01,2012,3,2012-03,NT,1
2012-03-01,2012,3,2012-03,QLD,15
2012-03-01,2012,3,2012-03,SA,10
2012-03-01,2012,3,2012-03,TAS,1
2012-03-01,2012,3,2012-03,VIC,25
2012-03-01,2012,3,2012-03,WA,16
2012-04-01,2012,4,2012-04,ACT,1
2012-04-01,2012,4,2012-04,NSW,33
2012-04-01,2012,4,2012-04,NT,4
2012-04-01,2012,4,2012-04,QLD,26
2012-04-01,2012,4,2012-04,SA,11
2012-04-01,2012,4,2012-04,TAS,1
2012-04-01,2012,4,2012-04,VIC,19
2012-04-01,2012,4,2012-04,WA,11
2012-05-01,2012,5,2012-05,ACT,2
2012-05-01,2012,5,2012-05,NSW,31
2012-05-01,2012,5,2012-05,NT,3
2012-05-01,2012,5,2012-05,QLD,30
2012-05-01,2012,5,2012-05,SA,5
2012-05-01,2012,5,2012-05,TAS,3
2012-05-01,2012,5,2012-05,VIC,23
2012-05-01,2012,5,2012-05,WA,17
2012-06-01,2012,6,2012-06,ACT,2
2012-06-01,2012,6,2012-06,NSW,34
2012-06-01,2012,6,2012-06,NT,6
2012-06-01,2012,6,2012-06,QLD,17
2012-06-01,2012,6,2012-06,SA,7
2012-06-01,2012,6,2012-06,TAS,2
2012-06-01,2012,6,2012-06,VIC,22
2012-06-01,2012,6,2012-06,WA,17
2012-07-01,2012,7,2012-07,ACT,1
2012-07-01,2012,7,2012-07,NSW,24
2012-07-01,2012,7,2012-07,NT,6
2012-07-01,2012,7,2012-07,QLD,17
2012-07-01,2012,7,2012-07,SA,5
2012-07-01,2012,7,2012-07,TAS,3
2012-07-01,2012,7,2012-07,VIC,17
2012-07-01,2012,7,2012-07,WA,16
2012-08-01,2012,8,2012-08,NSW,36
2012-08-01,2012,8,2012-08,NT,9
2012-08-01,2012,8,2012-08,QLD,33
2012-08-01,2012,8,2012-08,SA,9
2012-08-01,2012,8,2012-08,TAS,2
2012-08-01,2012,8,2012-08,VIC,25
2012-08-01,2012,8,2012-08,WA,12
2012-09-01,2012,9,2012-09,ACT,2
2012-09-01,2012,9,2012-09,NSW,30
2012-09-01,2012,9,2012-09,NT,3
2012-09-01,2012,9,2012-09,QLD,30
2012-09-01,2012,9,2012-09,SA,8
2012-09-01,2012,9,2012-09,TAS,6
2012-09-01,2012,9,2012-09,VIC,17
2012-09-01,2012,9,2012-09,WA,13
2012-10-01,2012,10,2012-10,ACT,1
2012-10-01,2012,10,2012-10,NSW,28
2012-10-01,2012,10,2012-10,NT,3
2012-10-01,2012,10,2012-10,QLD,25
2012-10-01,2012,10,2012-10,SA,5
2012-10-01,2012,10,2012-10,TAS,2
2012-10-01,2012,10,2012-10,VIC,34
2012-10-01,2012,10,2012-10,WA,19
2012-11-01,2012,11,2012-11,ACT,2
2012-11-01,2012,11,2012-11,NSW,35
2012-11-01,2012,11,2012-11,NT,4
2012-11-01,2012,11,2012-11,QLD,23
2012-11-01,2012,11,2012-11,SA,8
2012-11-01,2012,11,2012-11,TAS,1
2012-11-01,2012,11,2012-11,VIC,26
2012-11-01,2012,11,2012-11,WA,19
2012-12-01,2012,12,2012-12,ACT,1
2012-12-01,2012,12,2012-12,NSW,28
2012-12-01,2012,12,2012-12,NT,5
2012-12-01,2012,12,2012-12,QLD,22
2012-12-01,2012,12,2012-12,SA,11
2012-12-01,2012,12,2012-12,TAS,5
2012-12-01,2012,12,2012-12,VIC,24
2012-12-01,2012,12,2012-12,WA,16
2013-01-01,2013,1,2013-01,ACT,1
2013-01-01,2013,1,2013-01,NSW,15
2013-01-01,2013,1,2013-01,NT,2
2013-01-01,2013,1,2013-01,QLD,32
2013-01-01,2013,1,2013-01,SA,11
2013-01-01,2013,1,2013-01,TAS,2
2013-01-01,2013,1,2013-01,VIC,14
2013-01-01,2013,1,2013-01,WA,20
2013-02-01,2013,2,2013-02,NSW,33
2013-02-01,2013,2,2013-02,NT,1
2013-02-01,2013,2,2013-02,QLD,24
2013-02-01,2013,2,2013-02,SA,4
2013-02-01,2013,2,2013-02,TAS,3
2013-02-01,2013,2,2013-02,VIC,24
2013-02-01,2013,2,2013-02,WA,13
2013-03-01,2013,3,2013-03,ACT,3
2013-03-01,2013,3,2013-03,NSW,30
2013-03-01,2013,3,2013-03,QLD,19
2013-03-01,2013,3,2013-03,SA,17
2013-03-01,2013,3,2013-03,TAS,4
2013-03-01,2013,3,2013-03,VIC,24
2013-03-01,2013,3,2013-03,WA,8
2013-04-01,2013,4,2013-04,NSW,26
2013-04-01,2013,4,2013-04,NT,5
2013-04-01,2013,4,2013-04,QLD,24
2013-04-01,2013,4,2013-04,SA,4
2013-04-01,2013,4,2013-04,TAS,1
2013-04-01,2013,4,2013-04,VIC,19
2013-04-01,2013,4,2013-04,WA,6
2013-05-01,2013,5,2013-05,NSW,24
2013-05-01,2013,5,2013-05,NT,4
2013-05-01,2013,5,2013-05,QLD,31
2013-05-01,2013,5,2013-05,SA,5
2013-05-01,2013,5,2013-05,TAS,2
2013-05-01,2013,5,2013-05,VIC,18
2013-05-01,2013,5,2013-05,WA,25
2013-06-01,2013,6,2013-06,NSW,32
2013-06-01,2013,6,2013-06,NT,4
2013-06-01,2013,6,2013-06,QLD,17
2013-06-01,2013,6,2013-06,SA,13
2013-06-01,2013,6,2013-06,TAS,2
2013-06-01,2013,6,2013-06,VIC,13
2013-06-01,2013,6,2013-06,WA,12
2013-07-01,2013,7,2013-07,NSW,26
2013-07-01,2013,7,2013-07,NT,3
2013-07-01,2013,7,2013-07,QLD,18
2013-07-01,2013,7,2013-07,SA,11
2013-07-01,2013,7,2013-07,TAS,2
2013-07-01,2013,7,2013-07,VIC,24
2013-07-01,2013,7,2013-07,WA,13
2013-08-01,2013,8,2013-08,ACT,1
2013-08-01,2013,8,2013-08,NSW,33
2013-08-01,2013,8,2013-08,NT,5
2013-08-01,2013,8,2013-08,QLD,25
2013-08-01,2013,8,2013-08,SA,9
2013-08-01,2013,8,2013-08,TAS,2
2013-08-01,2013,8,2013-08,VIC,20
2013-08-01,2013,8,2013-08,WA,11
2013-09-01,2013,9,2013-09,ACT,1
2013-09-01,2013,9,2013-09,NSW,15
2013-09-01,2013,9,2013-09,NT,4
2013-09-01,2013,9,2013-09,QLD,25
2013-09-01,2013,9,2013-09,SA,3
2013-09-01,2013,9,2013-09,TAS,3
2013-09-01,2013,9,2013-09,VIC,19
2013-09-01,2013,9,2013-09,WA,13
2013-10-01,2013,10,2013-10,NSW,37
2013-10-01,2013,10,2013-10,NT,5
2013-10-01,2013,10,2013-10,QLD,17
2013-10-01,2013,10,2013-10,SA,6
2013-10-01,2013,10,2013-10,TAS,2
2013-10-01,2013,10,2013-10,VIC,15
2013-10-01,2013,10,2013-10,WA,12
2013-11-01,2013,11,2013-11,NSW,34
2013-11-01,2013,11,2013-11,NT,2
2013-11-01,2013,11,2013-11,QLD,20
2013-11-01,2013,11,2013-11,SA,9
2013-11-01,2013,11,2013-11,TAS,6
2013-11-01,2013,11,2013-11,VIC,23
2013-11-01,2013,11,2013-11,WA,13
2013-12-01,2013,12,2013-12,ACT,1
2013-12-01,2013,12,2013-12,NSW,28
2013-12-01,2013,12,2013-12,NT,2
2013-12-01,2013,12,2013-12,QLD,19
2013-12-01,2013,12,2013-12,SA,6
2013-12-01,2013,12,2013-12,TAS,7
2013-12-01,2013,12,2013-12,VIC,30
2013-12-01,2013,12,2013-12,WA,15
2014-01-01,2014,1,2014-01,NSW,34
2014-01-01,2014,1,2014-01,NT,3
2014-01-01,2014,1,2014-01,QLD,18
2014-01-01,2014,1,2014-01,SA,8
2014-01-01,2014,1,2014-01,TAS,2
2014-01-01,2014,1,2014-01,VIC,25
2014-01-01,2014,1,2014-01,WA,7
2014-02-01,2014,2,2014-02,ACT,2
2014-02-01,2014,2,2014-02,NSW,29
2014-02-01,2014,2,2014-02,NT,3
2014-02-01,2014,2,2014-02,QLD,12
2014-02-01,2014,2,2014-02,SA,5
2014-02-01,2014,2,2014-02,TAS,1
2014-02-01,2014,2,2014-02,VIC,21
2014-02-01,2014,2,2014-02,WA,15
2014-03-01,2014,3,2014-03,ACT,2
2014-03-01,2014,3,2014-03,NSW,26
2014-03-01,2014,3,2014-03,NT,3
2014-03-01,2014,3,2014-03,QLD,22
2014-03-01,2014,3,2014-03,SA,12
2014-03-01,2014,3,2014-03,TAS,2
2014-03-01,2014,3,2014-03,VIC,25
2014-03-01,2014,3,2014-03,WA,19
2014-04-01,2014,4,2014-04,NSW,20
2014-04-01,2014,4,2014-04,NT,2
2014-04-01,2014,4,2014-04,QLD,12
2014-04-01,2014,4,2014-04,SA,5
2014-04-01,2014,4,2014-04,TAS,4
2014-04-01,2014,4,2014-04,VIC,14
2014-04-01,2014,4,2014-04,WA,15
2014-05-01,2014,5,2014-05,NSW,30
2014-05-01,2014,5,2014-05,NT,7
2014-05-01,2014,5,2014-05,QLD,22
2014-05-01,2014,5,2014-05,SA,7
2014-05-01,2014,5,2014-05,TAS,4
2014-05-01,2014,5,2014-05,VIC,23
2014-05-01,2014,5,2014-05,WA,9
2014-06-01,2014,6,2014-06,ACT,1
2014-06-01,2014,6,2014-06,NSW,25
2014-06-01,2014,6,2014-06,NT,3
2014-06-01,2014,6,2014-06,QLD,19
2014-06-01,2014,6,2014-06,SA,6
2014-06-01,2014,6,2014-06,TAS,2
2014-06-01,2014,6,2014-06,VIC,17
2014-06-01,2014,6,2014-06,WA,17
2014-07-01,2014,7,2014-07,NSW,19
2014-07-01,2014,7,2014-07,NT,3
2014-07-01,2014,7,2014-07,QLD,19
2014-07-01,2014,7,2014-07,SA,9
2014-07-01,2014,7,2014-07,TAS,4
2014-07-01,2014,7,2014-07,VIC,22
2014-07-01,2014,7,2014-07,WA,17
2014-08-01,2014,8,2014-08,ACT,1
2014-08-01,2014,8,2014-08,NSW,27
2014-08-01,2014,8,2014-08,NT,4
2014-08-01,2014,8,2014-08,QLD,25
2014-08-01,2014,8,2014-08,SA,8
2014-08-01,2014,8,2014-08,TAS,2
2014-08-01,2014,8,2014-08,VIC,21
2014-08-01,2014,8,2014-08,WA,13
2014-09-01,2014,9,2014-09,ACT,2
2014-09-01,2014,9,2014-09,NSW,24
2014-09-01,2014,9,2014-09,NT,2
2014-09-01,2014,9,2014-09,QLD,21
2014-09-01,2014,9,2014-09,SA,11
2014-09-01,2014,9,2014-09,TAS,3
2014-09-01,2014,9,2014-09,VIC,20
2014-09-01,2014,9,2014-09,WA,16
2014-10-01,2014,10,2014-10,NSW,26
2014-10-01,2014,10,2014-10,NT,5
2014-10-01,2014,10,2014-10,QLD,20
2014-10-01,2014,10,2014-10,SA,9
2014-10-01,2014,10,2014-10,TAS,3
2014-10-01,2014,10,2014-10,VIC,19
2014-10-01,2014,10,2014-10,WA,22
2014-11-01,2014,11,2014-11,ACT,1
2014-11-01,2014,11,2014-11,NSW,29
2014-11-01,2014,11,2014-11,NT,2
2014-11-01,2014,11,2014-11,QLD,20
2014-11-01,2014,11,2014-11,SA,8
2014-11-01,2014,11,2014-11,TAS,4
2014-11-01,2014,11,2014-11,VIC,28
2014-11-01,2014,11,2014-11,WA,16
2014-12-01,2014,12,2014-12,ACT,1
2014-12-01,2014,12,2014-12,NSW,18
2014-12-01,2014,12,2014-12,NT,2
2014-12-01,2014,12,2014-12,QLD,13
2014-12-01,2014,12,2014-12,SA,20
2014-12-01,2014,12,2014-12,TAS,2
2014-12-01,2014,12,2014-12,VIC,13
2014-12-01,2014,12,2014-12,WA,16
2015-01-01,2015,1,2015-01,ACT,1
2015-01-01,2015,1,2015-01,NSW,37
2015-01-01,2015,1,2015-01,NT,1
2015-01-01,2015,1,2015-01,QLD,16
2015-01-01,2015,1,2015-01,SA,13
2015-01-01,2015,1,2015-01,TAS,3
2015-01-01,2015,1,2015-01,VIC,24
2015-01-01,2015,1,2015-01,WA,10
2015-02-01,2015,2,2015-02,NSW,16
2015-02-01,2015,2,2015-02,NT,3
2015-02-01,2015,2,2015-02,QLD,10
2015-02-01,2015,2,2015-02,SA,4
2015-02-01,2015,2,2015-02,TAS,5
2015-02-01,2015,2,2015-02,VIC,20
2015-02-01,2015,2,2015-02,WA,14
2015-03-01,2015,3,2015-03,NSW,24
2015-03-01,2015,3,2015-03,NT,4
2015-03-01,2015,3,2015-03,QLD,21
2015-03-01,2015,3,2015-03,SA,3
2015-03-01,2015,3,2015-03,TAS,3
2015-03-01,2015,3,2015-03,VIC,22
2015-03-01,2015,3,2015-03,WA,19
2015-04-01,2015,4,2015-04,ACT,1
2015-04-01,2015,4,2015-04,NSW,24
2015-04-01,2015,4,2015-04,NT,2
2015-04-01,2015,4,2015-04,QLD,29
2015-04-01,2015,4,2015-04,SA,9
2015-04-01,2015,4,2015-04,VIC,22
2015-04-01,2015,4,2015-04,WA,14
2015-05-01,2015,5,2015-05,ACT,2
2015-05-01,2015,5,2015-05,NSW,35
2015-05-01,2015,5,2015-05,NT,5
2015-05-01,2015,5,2015-05,QLD,22
2015-05-01,2015,5,2015-05,SA,8
2015-05-01,2015,5,2015-05,TAS,2
2015-05-01,2015,5,2015-05,VIC,21
2015-05-01,2015,5,2015-05,WA,10
2015-06-01,2015,6,2015-06,ACT,2
2015-06-01,2015,6,2015-06,NSW,25
2015-06-01,2015,6,2015-06,NT,8
2015-06-01,2015,6,2015-06,QLD,19
2015-06-01,2015,6,2015-06,SA,11
2015-06-01,2015,6,2015-06,TAS,2
2015-06-01,2015,6,2015-06,VIC,22
2015-06-01,2015,6,2015-06,WA,12
2015-07-01,2015,7,2015-07,ACT,2
2015-07-01,2015,7,2015-07,NSW,31
2015-07-01,2015,7,2015-07,NT,4
2015-07-01,2015,7,2015-07,QLD,24
2015-07-01,2015,7,2015-07,SA,4
2015-07-01,2015,7,2015-07,TAS,6
2015-07-01,2015,7,2015-07,VIC,18
2015-07-01,2015,7,2015-07,WA,5
2015-08-01,2015,8,2015-08,NSW,40
2015-08-01,2015,8,2015-08,NT,7
2015-08-01,2015,8,2015-08,QLD,18
2015-08-01,2015,8,2015-08,SA,11
2015-08-01,2015,8,2015-08,TAS,1
2015-08-01,2015,8,2015-08,VIC,26
2015-08-01,2015,8,2015-08,WA,21
2015-09-01,2015,9,2015-09,ACT,2
2015-09-01,2015,9,2015-09,NSW,26
2015-09-01,2015,9,2015-09,NT,3
2015-09-01,2015,9,2015-09,QLD,21
2015-09-01,2015,9,2015-09,SA,7
2015-09-01,2015,9,2015-09,TAS,4
2015-09-01,2015,9,2015-09,VIC,14
2015-09-01,2015,9,2015-09,WA,15
2015-10-01,2015,10,2015-10,NSW,32
2015-10-01,2015,10,2015-10,NT,4
2015-10-01,2015,10,2015-10,QLD,26
2015-10-01,2015,10,2015-10,SA,19
2015-10-01,2015,10,2015-10,TAS,5
2015-10-01,2015,10,2015-10,VIC,27
2015-10-01,2015,10,2015-10,WA,12
2015-11-01,2015,11,2015-11,ACT,1
2015-11-01,2015,11,2015-11,NSW,32
2015-11-01,2015,11,2015-11,NT,1
2015-11-01,2015,11,2015-11,QLD,24
2015-11-01,2015,11,2015-11,SA,8
2015-11-01,2015,11,2015-11,TAS,1
2015-11-01,2015,11,2015-11,VIC,17
2015-11-01,2015,11,2015-11,WA,12
2015-12-01,2015,12,2015-12,ACT,4
2015-12-01,2015,12,2015-12,NSW,28
2015-12-01,2015,12,2015-12,NT,7
2015-12-01,2015,12,2015-12,QLD,13
2015-12-01,2015,12,2015-12,SA,5
2015-12-01,2015,12,2015-12,TAS,2
2015-12-01,2015,12,2015-12,VIC,19
2015-12-01,2015,12,2015-12,WA,17
2016-01-01,2016,1,2016-01,NSW,25
2016-01-01,2016,1,2016-01,NT,3
2016-01-01,2016,1,2016-01,QLD,25
2016-01-01,2016,1,2016-01,SA,7
2016-01-01,2016,1,2016-01,TAS,7
2016-01-01,2016,1,2016-01,VIC,21
2016-01-01,2016,1,2016-01,WA,19
2016-02-01,2016,2,2016-02,NSW,32
2016-02-01,2016,2,2016-02,NT,3
2016-02-01,2016,2,2016-02,QLD,16
2016-02-01,2016,2,2016-02,SA,4
2016-02-01,2016,2,2016-02,VIC,33
2016-02-01,2016,2,2016-02,WA,12
2016-03-01,2016,3,2016-03,ACT,1
2016-03-01,2016,3,2016-03,NSW,32
2016-03-01,2016,3,2016-03,NT,3
2016-03-01,2016,3,2016-03,QLD,15
2016-03-01,2016,3,2016-03,SA,8
2016-03-01,2016,3,2016-03,TAS,4
2016-03-01,2016,3,2016-03,VIC,25
2016-03-01,2016,3,2016-03,WA,22
2016-04-01,2016,4,2016-04,NSW,44
2016-04-01,2016,4,2016-04,NT,4
2016-04-01,2016,4,2016-04,QLD,21
2016-04-01,2016,4,2016-04,SA,10
2016-04-01,2016,4,2016-04,TAS,7
2016-04-01,2016,4,2016-04,VIC,16
2016-04-01,2016,4,2016-04,WA,11
2016-05-01,2016,5,2016-05,ACT,2
2016-05-01,2016,5,2016-05,NSW,31
2016-05-01,2016,5,2016-05,NT,4
2016-05-01,2016,5,2016-05,QLD,21
2016-05-01,2016,5,2016-05,SA,7
2016-05-01,2016,5,2016-05,TAS,2
2016-05-01,2016,5,2016-05,VIC,26
2016-05-01,2016,5,2016-05,WA,14
2016-06-01,2016,6,2016-06,NSW,34
2016-06-01,2016,6,2016-06,NT,1
2016-06-01,2016,6,2016-06,QLD,20
2016-06-01,2016,6,2016-06,SA,7
2016-06-01,2016,6,2016-06,TAS,2
2016-06-01,2016,6,2016-06,VIC,23
2016-06-01,2016,6,2016-06,WA,10
2016-07-01,2016,7,2016-07,ACT,2
2016-07-01,2016,7,2016-07,NSW,30
2016-07-01,2016,7,2016-07,NT,5
2016-07-01,2016,7,2016-07,QLD,28
2016-07-01,2016,7,2016-07,SA,4
2016-07-01,2016,7,2016-07,TAS,2
2016-07-01,2016,7,2016-07,VIC,26
2016-07-01,2016,7,2016-07,WA,19
2016-08-01,2016,8,2016-08,NSW,36
2016-08-01,2016,8,2016-08,NT,6
2016-08-01,2016,8,2016-08,QLD,17
2016-08-01,2016,8,2016-08,SA,6
2016-08-01,2016,8,2016-08,VIC,31
2016-08-01,2016,8,2016-08,WA,17
2016-09-01,2016,9,2016-09,ACT,2
2016-09-01,2016,9,2016-09,NSW,32
2016-09-01,2016,9,2016-09,QLD,18
2016-09-01,2016,9,2016-09,SA,7
2016-09-01,2016,9,2016-09,TAS,5
2016-09-01,2016,9,2016-09,VIC,17
2016-09-01,2016,9,2016-09,WA,12
2016-10-01,2016,10,2016-10,ACT,2
2016-10-01,2016,10,2016-10,NSW,31
2016-10-01,2016,10,2016-10,NT,7
2016-10-01,2016,10,2016-10,QLD,20
2016-10-01,2016,10,2016-10,SA,10
2016-10-01,2016,10,2016-10,TAS,4
2016-10-01,2016,10,2016-10,VIC,22
2016-10-01,2016,10,2016-10,WA,21
2016-11-01,2016,11,2016-11,ACT,1
2016-11-01,2016,11,2016-11,NSW,25
2016-11-01,2016,11,2016-11,NT,5
2016-11-01,2016,11,2016-11,QLD,20
2016-11-01,2016,11,2016-11,SA,10
2016-11-01,2016,11,2016-11,TAS,1
2016-11-01,2016,11,2016-11,VIC,25
2016-11-01,2016,11,2016-11,WA,17
2016-12-01,2016,12,2016-12,NSW,28
2016-12-01,2016,12,2016-12,NT,4
2016-12-01,2016,12,2016-12,QLD,30
2016-12-01,2016,12,2016-12,SA,6
2016-12-01,2016,12,2016-12,TAS,3
2016-12-01,2016,12,2016-12,VIC,25
2016-12-01,2016,12,2016-12,WA,21
2017-01-01,2017,1,2017-01,ACT,1
2017-01-01,2017,1,2017-01,NSW,30
2017-01-01,2017,1,2017-01,NT,3
2017-01-01,2017,1,2017-01,QLD,23
2017-01-01,2017,1,2017-01,SA,5
2017-01-01,2017,1,2017-01,TAS,2
2017-01-01,2017,1,2017-01,VIC,17
2017-01-01,2017,1,2017-01,WA,16
2017-02-01,2017,2,2017-02,ACT,1
2017-02-01,2017,2,2017-02,NSW,18
2017-02-01,2017,2,2017-02,NT,3
2017-02-01,2017,2,2017-02,QLD,18
2017-02-01,2017,2,2017-02,SA,4
2017-02-01,2017,2,2017-02,TAS,1
2017-02-01,2017,2,2017-02,VIC,18
2017-02-01,2017,2,2017-02,WA,7
2017-03-01,2017,3,2017-03,ACT,1
2017-03-01,2017,3,2017-03,NSW,28
2017-03-01,2017,3,2017-03,NT,2
2017-03-01,2017,3,2017-03,QLD,14
2017-03-01,2017,3,2017-03,SA,8
2017-03-01,2017,3,2017-03,TAS,3
2017-03-01,2017,3,2017-03,VIC,22
2017-03-01,2017,3,2017-03,WA,15
2017-04-01,2017,4,2017-04,NSW,31
2017-04-01,2017,4,2017-04,NT,3
2017-04-01,2017,4,2017-04,QLD,12
2017-04-01,2017,4,2017-04,SA,8
2017-04-01,2017,4,2017-04,TAS,1
2017-04-01,2017,4,2017-04,VIC,28
2017-04-01,2017,4,2017-04,WA,19
2017-05-01,2017,5,2017-05,ACT,1
2017-05-01,2017,5,2017-05,NSW,35
2017-05-01,2017,5,2017-05,NT,1
2017-05-01,2017,5,2017-05,QLD,24
2017-05-01,2017,5,2017-05,SA,5
2017-05-01,2017,5,2017-05,TAS,5
2017-05-01,2017,5,2017-05,VIC,21
2017-05-01,2017,5,2017-05,WA,7
2017-06-01,2017,6,2017-06,NSW,31
2017-06-01,2017,6,2017-06,NT,5
2017-06-01,2017,6,2017-06,QLD,27
2017-06-01,2017,6,2017-06,SA,9
2017-06-01,2017,6,2017-06,TAS,5
2017-06-01,2017,6,2017-06,VIC,15
2017-06-01,2017,6,2017-06,WA,12
2017-07-01,2017,7,2017-07,NSW,40
2017-07-01,2017,7,2017-07,NT,3
2017-07-01,2017,7,2017-07,QLD,23
2017-07-01,2017,7,2017-07,SA,11
2017-07-01,2017,7,2017-07,TAS,2
2017-07-01,2017,7,2017-07,VIC,21
2017-07-01,2017,7,2017-07,WA,11
2017-08-01,2017,8,2017-08,NSW,41
2017-08-01,2017,8,2017-08,QLD,17
2017-08-01,2017,8,2017-08,SA,15
2017-08-01,2017,8,2017-08,TAS,2
2017-08-01,2017,8,2017-08,VIC,26
2017-08-01,2017,8,2017-08,WA,11
2017-09-01,2017,9,2017-09,NSW,29
2017-09-01,2017,9,2017-09,NT,2
2017-09-01,2017,9,2017-09,QLD,29
2017-09-01,2017,9,2017-09,SA,6
2017-09-01,2017,9,2017-09,TAS,1
2017-09-01,2017,9,2017-09,VIC,18
2017-09-01,2017,9,2017-09,WA,13
2017-10-01,2017,10,2017-10,NSW,28
2017-10-01,2017,10,2017-10,NT,4
2017-10-01,2017,10,2017-10,QLD,22
2017-10-01,2017,10,2017-10,SA,9
2017-10-01,2017,10,2017-10,TAS,4
2017-10-01,2017,10,2017-10,VIC,12
2017-10-01,2017,10,2017-10,WA,16
2017-11-01,2017,11,2017-11,ACT,1
2017-11-01,2017,11,2017-11,NSW,38
2017-11-01,2017,11,2017-11,NT,1
2017-11-01,2017,11,2017-11,QLD,14
2017-11-01,2017,11,2017-11,SA,11
2017-11-01,2017,11,2017-11,TAS,3
2017-11-01,2017,11,2017-11,VIC,32
2017-11-01,2017,11,2017-11,WA,12
2017-12-01,2017,12,2017-12,NSW,40
2017-12-01,2017,12,2017-12,NT,4
2017-12-01,2017,12,2017-12,QLD,24
2017-12-01,2017,12,2017-12,SA,9
2017-12-01,2017,12,2017-12,TAS,3
2017-12-01,2017,12,2017-12,VIC,29
2017-12-01,2017,12,2017-12,WA,21
2018-01-01,2018,1,2018-01,ACT,1
2018-01-01,2018,1,2018-01,NSW,37
2018-01-01,2018,1,2018-01,NT,3
2018-01-01,2018,1,2018-01,QLD,16
2018-01-01,2018,1,2018-01,SA,5
2018-01-01,2018,1,2018-01,TAS,6
2018-01-01,2018,1,2018-01,VIC,20
2018-01-01,2018,1,2018-01,WA,13
2018-02-01,2018,2,2018-02,ACT,2
2018-02-01,2018,2,2018-02,NSW,32
2018-02-01,2018,2,2018-02,NT,3
2018-02-01,2018,2,2018-02,QLD,19
2018-02-01,2018,2,2018-02,SA,3
2018-02-01,2018,2,2018-02,TAS,2
2018-02-01,2018,2,2018-02,VIC,15
2018-02-01,2018,2,2018-02,WA,10
2018-03-01,2018,3,2018-03,NSW,24
2018-03-01,2018,3,2018-03,NT,9
2018-03-01,2018,3,2018-03,QLD,29
2018-03-01,2018,3,2018-03,SA,11
2018-03-01,2018,3,2018-03,TAS,4
2018-03-01,2018,3,2018-03,VIC,21
2018-03-01,2018,3,2018-03,WA,15
2018-04-01,2018,4,2018-04,ACT,1
2018-04-01,2018,4,2018-04,NSW,31
2018-04-01,2018,4,2018-04,NT,3
2018-04-01,2018,4,2018-04,QLD,16
2018-04-01,2018,4,2018-04,SA,7
2018-04-01,2018,4,2018-04,TAS,1
2018-04-01,2018,4,2018-04,VIC,9
2018-04-01,2018,4,2018-04,WA,20
2018-05-01,2018,5,2018-05,ACT,2
2018-05-01,2018,5,2018-05,NSW,25
2018-05-01,2018,5,2018-05,NT,5
2018-05-01,2018,5,2018-05,QLD,14
2018-05-01,2018,5,2018-05,SA,7
2018-05-01,2018,5,2018-05,TAS,2
2018-05-01,2018,5,2018-05,VIC,23
2018-05-01,2018,5,2018-05,WA,12
2018-06-01,2018,6,2018-06,NSW,21
2018-06-01,2018,6,2018-06,NT,5
2018-06-01,2018,6,2018-06,QLD,23
2018-06-01,2018,6,2018-06,SA,5
2018-06-01,2018,6,2018-06,TAS,1
2018-06-01,2018,6,2018-06,VIC,12
2018-06-01,2018,6,2018-06,WA,11
2018-07-01,2018,7,2018-07,ACT,1
2018-07-01,2018,7,2018-07,NSW,31
2018-07-01,2018,7,2018-07,NT,3
2018-07-01,2018,7,2018-07,QLD,29
2018-07-01,2018,7,2018-07,SA,4
2018-07-01,2018,7,2018-07,TAS,2
2018-07-01,2018,7,2018-07,VIC,15
2018-07-01,2018,7,2018-07,WA,11
2018-08-01,2018,8,2018-08,NSW,38
2018-08-01,2018,8,2018-08,NT,3
2018-08-01,2018,8,2018-08,QLD,26
2018-08-01,2018,8,2018-08,SA,3
2018-08-01,2018,8,2018-08,TAS,2
2018-08-01,2018,8,2018-08,VIC,18
2018-08-01,2018,8,2018-08,WA,14
2018-09-01,2018,9,2018-09,ACT,1
2018-09-01,2018,9,2018-09,NSW,34
2018-09-01,2018,9,2018-09,NT,2
2018-09-01,2018,9,2018-09,QLD,20
2018-09-01,2018,9,2018-09,SA,10
2018-09-01,2018,9,2018-09,TAS,5
2018-09-01,2018,9,2018-09,VIC,19
2018-09-01,2018,9,2018-09,WA,15
2018-10-01,2018,10,2018-10,ACT,1
2018-10-01,2018,10,2018-10,NSW,21
2018-10-01,2018,10,2018-10,NT,8
2018-10-01,2018,10,2018-10,QLD,11
2018-10-01,2018,10,2018-10,SA,4
2018-10-01,2018,10,2018-10,VIC,21
2018-10-01,2018,10,2018-10,WA,8
2018-11-01,2018,11,2018-11,NSW,25
2018-11-01,2018,11,2018-11,NT,3
2018-11-01,2018,11,2018-11,QLD,18
2018-11-01,2018,11,2018-11,SA,12
2018-11-01,2018,11,2018-11,TAS,3
2018-11-01,2018,11,2018-11,VIC,23
2018-11-01,2018,11,2018-11,WA,15
2018-12-01,2018,12,2018-12,NSW,28
2018-12-01,2018,12,2018-12,NT,3
2018-12-01,2018,12,2018-12,QLD,24
2018-12-01,2018,12,2018-12,SA,9
2018-12-01,2018,12,2018-12,TAS,4
2018-12-01,2018,12,2018-12,VIC,17
2018-12-01,2018,12,2018-12,WA,15
2019-01-01,2019,1,2019-01,ACT,1
2019-01-01,2019,1,2019-01,NSW,38
2019-01-01,2019,1,2019-01,NT,5
2019-01-01,2019,1,2019-01,QLD,15
2019-01-01,2019,1,2019-01,SA,14
2019-01-01,2019,1,2019-01,TAS,1
2019-01-01,2019,1,2019-01,VIC,22
2019-01-01,2019,1,2019-01,WA,20
2019-02-01,2019,2,2019-02,NSW,28
2019-02-01,2019,2,2019-02,NT,1
2019-02-01,2019,2,2019-02,QLD,10
2019-02-01,2019,2,2019-02,SA,3
2019-02-01,2019,2,2019-02,TAS,3
2019-02-01,2019,2,2019-02,VIC,33
2019-02-01,2019,2,2019-02,WA,13
2019-03-01,2019,3,2019-03,NSW,41
2019-03-01,2019,3,2019-03,NT,1
2019-03-01,2019,3,2019-03,QLD,23
2019-03-01,2019,3,2019-03,SA,13
2019-03-01,2019,3,2019-03,TAS,4
2019-03-01,2019,3,2019-03,VIC,20
2019-03-01,2019,3,2019-03,WA,11
2019-04-01,2019,4,2019-04,NSW,28
2019-04-01,2019,4,2019-04,NT,3
2019-04-01,2019,4,2019-04,QLD,14
2019-04-01,2019,4,2019-04,SA,11
2019-04-01,2019,4,2019-04,TAS,3
2019-04-01,2019,4,2019-04,VIC,24
2019-04-01,2019,4,2019-04,WA,15
2019-05-01,2019,5,2019-05,NSW,20
2019-05-01,2019,5,2019-05,NT,3
2019-05-01,2019,5,2019-05,QLD,22
2019-05-01,2019,5,2019-05,SA,12
2019-05-01,2019,5,2019-05,TAS,2
2019-05-01,2019,5,2019-05,VIC,33
2019-05-01,2019,5,2019-05,WA,14
2019-06-01,2019,6,2019-06,ACT,2
2019-06-01,2019,6,2019-06,NSW,26
2019-06-01,2019,6,2019-06,NT,2
2019-06-01,2019,6,2019-06,QLD,15
2019-06-01,2019,6,2019-06,SA,8
2019-06-01,2019,6,2019-06,TAS,3
2019-06-01,2019,6,2019-06,VIC,18
2019-06-01,2019,6,2019-06,WA,19
2019-07-01,2019,7,2019-07,NSW,23
2019-07-01,2019,7,2019-07,NT,4
2019-07-01,2019,7,2019-07,QLD,19
2019-07-01,2019,7,2019-07,SA,8
2019-07-01,2019,7,2019-07,TAS,3
2019-07-01,2019,7,2019-07,VIC,17
2019-07-01,2019,7,2019-07,WA,10
2019-08-01,2019,8,2019-08,NSW,31
2019-08-01,2019,8,2019-08,NT,3
2019-08-01,2019,8,2019-08,QLD,23
2019-08-01,2019,8,2019-08,SA,8
2019-08-01,2019,8,2019-08,TAS,2
2019-08-01,2019,8,2019-08,VIC,16
2019-08-01,2019,8,2019-08,WA,16
2019-09-01,2019,9,2019-09,ACT,1
2019-09-01,2019,9,2019-09,NSW,33
2019-09-01,2019,9,2019-09,NT,1
2019-09-01,2019,9,2019-09,QLD,22
2019-09-01,2019,9,2019-09,SA,3
2019-09-01,2019,9,2019-09,TAS,2
2019-09-01,2019,9,2019-09,VIC,18
2019-09-01,2019,9,2019-09,WA,11
2019-10-01,2019,10,2019-10,ACT,1
2019-10-01,2019,10,2019-10,NSW,29
2019-10-01,2019,10,2019-10,NT,1
2019-10-01,2019,10,2019-10,QLD,25
2019-10-01,2019,10,2019-10,SA,8
2019-10-01,2019,10,2019-10,TAS,2
2019-10-01,2019,10,2019-10,VIC,26
2019-10-01,2019,10,2019-10,WA,9
2019-11-01,2019,11,2019-11,NSW,27
2019-11-01,2019,11,2019-11,QLD,15
2019-11-01,2019,11,2019-11,SA,13
2019-11-01,2019,11,2019-11,TAS,1
2019-11-01,2019,11,2019-11,VIC,18
2019-11-01,2019,11,2019-11,WA,10
2019-12-01,2019,12,2019-12,ACT,1
2019-12-01,2019,12,2019-12,NSW,29
2019-12-01,2019,12,2019-12,NT,12
2019-12-01,2019,12,2019-12,QLD,16
2019-12-01,2019,12,2019-12,SA,13
2019-12-01,2019,12,2019-12,TAS,3
2019-12-01,2019,12,2019-12,VIC,21
2019-12-01,2019,12,2019-12,WA,15
2020-01-01,2020,1,2020-01,NSW,23
2020-01-01,2020,1,2020-01,NT,1
2020-01-01,2020,1,2020-01,QLD,10
2020-01-01,2020,1,2020-01,SA,8
2020-01-01,2020,1,2020-01,TAS,6
2020-01-01,2020,1,2020-01,VIC,23
2020-01-01,2020,1,2020-01,WA,11
2020-02-01,2020,2,2020-02,NSW,30
2020-02-01,2020,2,2020-02,NT,4
2020-02-01,2020,2,2020-02,QLD,15
2020-02-01,2020,2,2020-02,SA,8
2020-02-01,2020,2,2020-02,TAS,6
2020-02-01,2020,2,2020-02,VIC,18
2020-02-01,2020,2,2020-02,WA,12
2020-03-01,2020,3,2020-03,NSW,24
2020-03-01,2020,3,2020-03,NT,1
2020-03-01,2020,3,2020-03,QLD,23
2020-03-01,2020,3,2020-03,SA,14
2020-03-01,2020,3,2020-03,TAS,3
2020-03-01,2020,3,2020-03,VIC,26
2020-03-01,2020,3,2020-03,WA,11
2020-04-01,2020,4,2020-04,ACT,2
2020-04-01,2020,4,2020-04,NSW,23
2020-04-01,2020,4,2020-04,NT,1
2020-04-01,2020,4,2020-04,QLD,20
2020-04-01,2020,4,2020-04,SA,7
2020-04-01,2020,4,2020-04,TAS,1
2020-04-01,2020,4,2020-04,VIC,17
2020-04-01,2020,4,2020-04,WA,9
2020-05-01,2020,5,2020-05,NSW,20
2020-05-01,2020,5,2020-05,NT,1
2020-05-01,2020,5,2020-05,QLD,22
2020-05-01,2020,5,2020-05,SA,7
2020-05-01,2020,5,2020-05,TAS,2
2020-05-01,2020,5,2020-05,VIC,15
2020-05-01,2020,5,2020-05,WA,15
2020-06-01,2020,6,2020-06,NSW,22
2020-06-01,2020,6,2020-06,NT,3
2020-06-01,2020,6,2020-06,QLD,27
2020-06-01,2020,6,2020-06,SA,2
2020-06-01,2020,6,2020-06,VIC,16
2020-06-01,2020,6,2020-06,WA,12
2020-07-01,2020,7,2020-07,ACT,1
2020-07-01,2020,7,2020-07,NSW,24
2020-07-01,2020,7,2020-07,NT,4
2020-07-01,2020,7,2020-07,QLD,25
2020-07-01,2020,7,2020-07,SA,10
2020-07-01,2020,7,2020-07,TAS,3
2020-07-01,2020,7,2020-07,VIC,15
2020-07-01,2020,7,2020-07,WA,14
2020-08-01,2020,8,2020-08,NSW,26
2020-08-01,2020,8,2020-08,NT,5
2020-08-01,2020,8,2020-08,QLD,27
2020-08-01,2020,8,2020-08,SA,5
2020-08-01,2020,8,2020-08,TAS,6
2020-08-01,2020,8,2020-08,VIC,14
2020-08-01,2020,8,2020-08,WA,13
2020-09-01,2020,9,2020-09,ACT,2
2020-09-01,2020,9,2020-09,NSW,29
2020-09-01,2020,9,2020-09,QLD,25
2020-09-01,2020,9,2020-09,SA,3
2020-09-01,2020,9,2020-09,VIC,14
2020-09-01,2020,9,2020-09,WA,10
2020-10-01,2020,10,2020-10,ACT,1
2020-10-01,2020,10,2020-10,NSW,17
2020-10-01,2020,10,2020-10,NT,3
2020-10-01,2020,10,2020-10,QLD,30
2020-10-01,2020,10,2020-10,SA,7
2020-10-01,2020,10,2020-10,TAS,6
2020-10-01,2020,10,2020-10,VIC,22
2020-10-01,2020,10,2020-10,WA,18
2020-11-01,2020,11,2020-11,NSW,24
2020-11-01,2020,11,2020-11,NT,3
2020-11-01,2020,11,2020-11,QLD,24
2020-11-01,2020,11,2020-11,SA,14
2020-11-01,2020,11,2020-11,TAS,3
2020-11-01,2020,11,2020-11,VIC,15
2020-11-01,2020,11,2020-11,WA,19
2020-12-01,2020,12,2020-12,ACT,1
2020-12-01,2020,12,2020-12,NSW,22
2020-12-01,2020,12,2020-12,NT,5
2020-12-01,2020,12,2020-12,QLD,30
2020-12-01,2020,12,2020-12,SA,8
2020-12-01,2020,12,2020-12,TAS,2
2020-12-01,2020,12,2020-12,VIC,16
2020-12-01,2020,12,2020-12,WA,11
2021-01-01,2021,1,2021-01,ACT,1
2021-01-01,2021,1,2021-01,NSW,24
2021-01-01,2021,1,2021-01,NT,3
2021-01-01,2021,1,2021-01,QLD,20
2021-01-01,2021,1,2021-01,SA,8
2021-01-01,2021,1,2021-01,TAS,2
2021-01-01,2021,1,2021-01,VIC,14
2021-01-01,2021,1,2021-01,WA,25
2021-02-01,2021,2,2021-02,ACT,2
2021-02-01,2021,2,2021-02,NSW,26
2021-02-01,2021,2,2021-02,QLD,28
2021-02-01,2021,2,2021-02,SA,9
2021-02-01,2021,2,2021-02,TAS,1
2021-02-01,2021,2,2021-02,VIC,21
2021-02-01,2021,2,2021-02,WA,8
2021-03-01,2021,3,2021-03,ACT,1
2021-03-01,2021,3,2021-03,NSW,20
2021-03-01,2021,3,2021-03,NT,2
2021-03-01,2021,3,2021-03,QLD,28
2021-03-01,2021,3,2021-03,SA,14
2021-03-01,2021,3,2021-03,VIC,24
2021-03-01,2021,3,2021-03,WA,11
2021-04-01,2021,4,2021-04,ACT,1
2021-04-01,2021,4,2021-04,NSW,25
2021-04-01,2021,4,2021-04,NT,2
2021-04-01,2021,4,2021-04,QLD,17
2021-04-01,2021,4,2021-04,SA,8
2021-04-01,2021,4,2021-04,TAS,6
2021-04-01,2021,4,2021-04,VIC,14
2021-04-01,2021,4,2021-04,WA,12
2021-05-01,2021,5,2021-05,NSW,21
2021-05-01,2021,5,2021-05,NT,4
2021-05-01,2021,5,2021-05,QLD,16
2021-05-01,2021,5,2021-05,SA,5
2021-05-01,2021,5,2021-05,TAS,3
2021-05-01,2021,5,2021-05,VIC,14
2021-05-01,2021,5,2021-05,WA,16
2021-06-01,2021,6,2021-06,ACT,1
2021-06-01,2021,6,2021-06,NSW,29
2021-06-01,2021,6,2021-06,NT,6
2021-06-01,2021,6,2021-06,QLD,26
2021-06-01,2021,6,2021-06,SA,8
2021-06-01,2021,6,2021-06,TAS,1
2021-06-01,2021,6,2021-06,VIC,20
2021-06-01,2021,6,2021-06,WA,12
2021-07-01,2021,7,2021-07,ACT,1
2021-07-01,2021,7,2021-07,NSW,18
2021-07-01,2021,7,2021-07,NT,5
2021-07-01,2021,7,2021-07,QLD,32
2021-07-01,2021,7,2021-07,SA,9
2021-07-01,2021,7,2021-07,TAS,7
2021-07-01,2021,7,2021-07,VIC,20
2021-07-01,2021,7,2021-07,WA,15
2021-08-01,2021,8,2021-08,ACT,1
2021-08-01,2021,8,2021-08,NSW,16
2021-08-01,2021,8,2021-08,NT,3
2021-08-01,2021,8,2021-08,QLD,22
2021-08-01,2021,8,2021-08,SA,4
2021-08-01,2021,8,2021-08,TAS,5
2021-08-01,2021,8,2021-08,VIC,17
2021-08-01,2021,8,2021-08,WA,11
2021-09-01,2021,9,2021-09,ACT,1
2021-09-01,2021,9,2021-09,NSW,16
2021-09-01,2021,9,2021-09,NT,1
2021-09-01,2021,9,2021-09,QLD,16
2021-09-01,2021,9,2021-09,SA,8
2021-09-01,2021,9,2021-09,TAS,3
2021-09-01,2021,9,2021-09,VIC,21
2021-09-01,2021,9,2021-09,WA,18
2021-10-01,2021,10,2021-10,NSW,26
2021-10-01,2021,10,2021-10,NT,3
2021-10-01,2021,10,2021-10,QLD,36
2021-10-01,2021,10,2021-10,SA,10
2021-10-01,2021,10,2021-10,TAS,1
2021-10-01,2021,10,2021-10,VIC,18
2021-10-01,2021,10,2021-10,WA,10
2021-11-01,2021,11,2021-11,NSW,22
2021-11-01,2021,11,2021-11,NT,1
2021-11-01,2021,11,2021-11,QLD,22
2021-11-01,2021,11,2021-11,SA,9
2021-11-01,2021,11,2021-11,TAS,2
2021-11-01,2021,11,2021-11,VIC,24
2021-11-01,2021,11,2021-11,WA,14
2021-12-01,2021,12,2021-12,ACT,2
2021-12-01,2021,12,2021-12,NSW,32
2021-12-01,2021,12,2021-12,NT,5
2021-12-01,2021,12,2021-12,QLD,14
2021-12-01,2021,12,2021-12,SA,7
2021-12-01,2021,12,2021-12,TAS,4
2021-12-01,2021,12,2021-12,VIC,24
2021-12-01,2021,12,2021-12,WA,14
2022-01-01,2022,1,2022-01,ACT,2
2022-01-01,2022,1,2022-01,NSW,28
2022-01-01,2022,1,2022-01,NT,3
2022-01-01,2022,1,2022-01,QLD,20
2022-01-01,2022,1,2022-01,SA,4
2022-01-01,2022,1,2022-01,TAS,3
2022-01-01,2022,1,2022-01,VIC,23
2022-01-01,2022,1,2022-01,WA,10
2022-02-01,2022,2,2022-02,ACT,1
2022-02-01,2022,2,2022-02,NSW,26
2022-02-01,2022,2,2022-02,NT,7
2022-02-01,2022,2,2022-02,QLD,35
2022-02-01,2022,2,2022-02,SA,8
2022-02-01,2022,2,2022-02,TAS,3
2022-02-01,2022,2,2022-02,VIC,24
2022-02-01,2022,2,2022-02,WA,7
2022-03-01,2022,3,2022-03,NSW,28
2022-03-01,2022,3,2022-03,NT,3
2022-03-01,2022,3,2022-03,QLD,21
2022-03-01,2022,3,2022-03,SA,5
2022-03-01,2022,3,2022-03,TAS,6
2022-03-01,2022,3,2022-03,VIC,17
2022-03-01,2022,3,2022-03,WA,15
2022-04-01,2022,4,2022-04,ACT,2
2022-04-01,2022,4,2022-04,NSW,27
2022-04-01,2022,4,2022-04,NT,4
2022-04-01,2022,4,2022-04,QLD,18
2022-04-01,2022,4,2022-04,SA,9
2022-04-01,2022,4,2022-04,TAS,6
2022-04-01,2022,4,2022-04,VIC,19
2022-04-01,2022,4,2022-04,WA,16
2022-05-01,2022,5,2022-05,ACT,4
2022-05-01,2022,5,2022-05,NSW,21
2022-05-01,2022,5,2022-05,NT,5
2022-05-01,2022,5,2022-05,QLD,35
2022-05-01,2022,5,2022-05,SA,7
2022-05-01,2022,5,2022-05,TAS,8
2022-05-01,2022,5,2022-05,VIC,14
2022-05-01,2022,5,2022-05,WA,10
2022-06-01,2022,6,2022-06,ACT,1
2022-06-01,2022,6,2022-06,NSW,20
2022-06-01,2022,6,2022-06,NT,5
2022-06-01,2022,6,2022-06,QLD,22
2022-06-01,2022,6,2022-06,SA,5
2022-06-01,2022,6,2022-06,TAS,3
2022-06-01,2022,6,2022-06,VIC,22
2022-06-01,2022,6,2022-06,WA,15
2022-07-01,2022,7,2022-07,NSW,12
2022-07-01,2022,7,2022-07,NT,4
2022-07-01,2022,7,2022-07,QLD,21
2022-07-01,2022,7,2022-07,SA,5
2022-07-01,2022,7,2022-07,TAS,4
2022-07-01,2022,7,2022-07,VIC,20
2022-07-01,2022,7,2022-07,WA,10
2022-08-01,2022,8,2022-08,ACT,1
2022-08-01,2022,8,2022-08,NSW,15
2022-08-01,2022,8,2022-08,NT,8
2022-08-01,2022,8,2022-08,QLD,24
2022-08-01,2022,8,2022-08,SA,5
2022-08-01,2022,8,2022-08,TAS,4
2022-08-01,2022,8,2022-08,VIC,19
2022-08-01,2022,8,2022-08,WA,17
2022-09-01,2022,9,2022-09,ACT,1
2022-09-01,2022,9,2022-09,NSW,33
2022-09-01,2022,9,2022-09,NT,3
2022-09-01,2022,9,2022-09,QLD,25
2022-09-01,2022,9,2022-09,SA,7
2022-09-01,2022,9,2022-09,TAS,3
2022-09-01,2022,9,2022-09,VIC,28
2022-09-01,2022,9,2022-09,WA,20
2022-10-01,2022,10,2022-10,ACT,6
2022-10-01,2022,10,2022-10,NSW,20
2022-10-01,2022,10,2022-10,NT,4
2022-10-01,2022,10,2022-10,QLD,17
2022-10-01,2022,10,2022-10,SA,3
2022-10-01,2022,10,2022-10,TAS,5
2022-10-01,2022,10,2022-10,VIC,19
2022-10-01,2022,10,2022-10,WA,14
2022-11-01,2022,11,2022-11,NSW,24
2022-11-01,2022,11,2022-11,NT,3
2022-11-01,2022,11,2022-11,QLD,30
2022-11-01,2022,11,2022-11,SA,5
2022-11-01,2022,11,2022-11,TAS,4
2022-11-01,2022,11,2022-11,VIC,20
2022-11-01,2022,11,2022-11,WA,17
2022-12-01,2022,12,2022-12,NSW,27
2022-12-01,2022,12,2022-12,NT,3
2022-12-01,2022,12,2022-12,QLD,27
2022-12-01,2022,12,2022-12,SA,8
2022-12-01,2022,12,2022-12,TAS,1
2022-12-01,2022,12,2022-12,VIC,15
2022-12-01,2022,12,2022-12,WA,24
2023-01-01,2023,1,2023-01,ACT,1
2023-01-01,2023,1,2023-01,NSW,20
2023-01-01,2023,1,2023-01,NT,1
2023-01-01,2023,1,2023-01,QLD,23
2023-01-01,2023,1,2023-01,SA,11
2023-01-01,2023,1,2023-01,TAS,2
2023-01-01,2023,1,2023-01,VIC,32
2023-01-01,2023,1,2023-01,WA,13
2023-02-01,2023,2,2023-02,ACT,1
2023-02-01,2023,2,2023-02,NSW,20
2023-02-01,2023,2,2023-02,QLD,16
2023-02-01,2023,2,2023-02,SA,13
2023-02-01,2023,2,2023-02,TAS,3
2023-02-01,2023,2,2023-02,VIC,26
2023-02-01,2023,2,2023-02,WA,9
2023-03-01,2023,3,2023-03,NSW,34
2023-03-01,2023,3,2023-03,NT,2
2023-03-01,2023,3,2023-03,QLD,19
2023-03-01,2023,3,2023-03,SA,17
2023-03-01,2023,3,2023-03,TAS,2
2023-03-01,2023,3,2023-03,VIC,22
2023-03-01,2023,3,2023-03,WA,16
2023-04-01,2023,4,2023-04,NSW,33
2023-04-01,2023,4,2023-04,NT,1
2023-04-01,2023,4,2023-04,QLD,18
2023-04-01,2023,4,2023-04,SA,6
2023-04-01,2023,4,2023-04,TAS,2
2023-04-01,2023,4,2023-04,VIC,21
2023-04-01,2023,4,2023-04,WA,11
2023-05-01,2023,5,2023-05,NSW,20
2023-05-01,2023,5,2023-05,QLD,27
2023-05-01,2023,5,2023-05,SA,10
2023-05-01,2023,5,2023-05,TAS,2
2023-05-01,2023,5,2023-05,VIC,29
2023-05-01,2023,5,2023-05,WA,14
2023-06-01,2023,6,2023-06,NSW,32
2023-06-01,2023,6,2023-06,NT,2
2023-06-01,2023,6,2023-06,QLD,21
2023-06-01,2023,6,2023-06,SA,3
2023-06-01,2023,6,2023-06,TAS,4
2023-06-01,2023,6,2023-06,VIC,14
2023-06-01,2023,6,2023-06,WA,10
2023-07-01,2023,7,2023-07,ACT,1
2023-07-01,2023,7,2023-07,NSW,32
2023-07-01,2023,7,2023-07,NT,1
2023-07-01,2023,7,2023-07,QLD,29
2023-07-01,2023,7,2023-07,SA,10
2023-07-01,2023,7,2023-07,TAS,1
2023-07-01,2023,7,2023-07,VIC,23
2023-07-01,2023,7,2023-07,WA,10
2023-08-01,2023,8,2023-08,NSW,28
2023-08-01,2023,8,2023-08,NT,2
2023-08-01,2023,8,2023-08,QLD,28
2023-08-01,2023,8,2023-08,SA,5
2023-08-01,2023,8,2023-08,TAS,3
2023-08-01,2023,8,2023-08,VIC,22
2023-08-01,2023,8,2023-08,WA,14
2023-09-01,2023,9,2023-09,NSW,32
2023-09-01,2023,9,2023-09,NT,10
2023-09-01,2023,9,2023-09,QLD,30
2023-09-01,2023,9,2023-09,SA,11
2023-09-01,2023,9,2023-09,TAS,2
2023-09-01,2023,9,2023-09,VIC,26
2023-09-01,2023,9,2023-09,WA,16
2023-10-01,2023,10,2023-10,NSW,25
2023-10-01,2023,10,2023-10,NT,6
2023-10-01,2023,10,2023-10,QLD,19
2023-10-01,2023,10,2023-10,SA,8
2023-10-01,2023,10,2023-10,TAS,5
2023-10-01,2023,10,2023-10,VIC,23
2023-10-01,2023,10,2023-10,WA,16
2023-11-01,2023,11,2023-11,NSW,32
2023-11-01,2023,11,2023-11,NT,3
2023-11-01,2023,11,2023-11,QLD,20
2023-11-01,2023,11,2023-11,SA,10
2023-11-01,2023,11,2023-11,TAS,1
2023-11-01,2023,11,2023-11,VIC,32
2023-11-01,2023,11,2023-11,WA,13
2023-12-01,2023,12,2023-12,ACT,1
2023-12-01,2023,12,2023-12,NSW,32
2023-12-01,2023,12,2023-12,NT,3
2023-12-01,2023,12,2023-12,QLD,24
2023-12-01,2023,12,2023-12,SA,13
2023-12-01,2023,12,2023-12,TAS,5
2023-12-01,2023,12,2023-12,VIC,25
2023-12-01,2023,12,2023-12,WA,16
2024-01-01,2024,1,2024-01,ACT,1
2024-01-01,2024,1,2024-01,NSW,31
2024-01-01,2024,1,2024-01,NT,3
2024-01-01,2024,1,2024-01,QLD,20
2024-01-01,2024,1,2024-01,SA,4
2024-01-01,2024,1,2024-01,TAS,2
2024-01-01,2024,1,2024-01,VIC,21
2024-01-01,2024,1,2024-01,WA,15
2024-02-01,2024,2,2024-02,NSW,22
2024-02-01,2024,2,2024-02,NT,8
2024-02-01,2024,2,2024-02,QLD,29
2024-02-01,2024,2,2024-02,SA,11
2024-02-01,2024,2,2024-02,VIC,24
2024-02-01,2024,2,2024-02,WA,12
2024-03-01,2024,3,2024-03,ACT,1
2024-03-01,2024,3,2024-03,NSW,21
2024-03-01,2024,3,2024-03,NT,7
2024-03-01,2024,3,2024-03,QLD,22
2024-03-01,2024,3,2024-03,SA,7
2024-03-01,2024,3,2024-03,TAS,3
2024-03-01,2024,3,2024-03,VIC,30
2024-03-01,2024,3,2024-03,WA,20
2024-04-01,2024,4,2024-04,ACT,2
2024-04-01,2024,4,2024-04,NSW,36
2024-04-01,2024,4,2024-04,NT,2
2024-04-01,2024,4,2024-04,QLD,26
2024-04-01,2024,4,2024-04,SA,8
2024-04-01,2024,4,2024-04,TAS,3
2024-04-01,2024,4,2024-04,VIC,17
2024-04-01,2024,4,2024-04,WA,17
2024-05-01,2024,5,2024-05,ACT,1
2024-05-01,2024,5,2024-05,NSW,25
2024-05-01,2024,5,2024-05,NT,5
2024-05-01,2024,5,2024-05,QLD,18
2024-05-01,2024,5,2024-05,SA,6
2024-05-01,2024,5,2024-05,TAS,1
2024-05-01,2024,5,2024-05,VIC,26
2024-05-01,2024,5,2024-05,WA,14
2024-06-01,2024,6,2024-06,ACT,1
2024-06-01,2024,6,2024-06,NSW,22
2024-06-01,2024,6,2024-06,NT,6
2024-06-01,2024,6,2024-06,QLD,30
2024-06-01,2024,6,2024-06,SA,7
2024-06-01,2024,6,2024-06,VIC,18
2024-06-01,2024,6,2024-06,WA,13
2024-07-01,2024,7,2024-07,NSW,31
2024-07-01,2024,7,2024-07,NT,9
2024-07-01,2024,7,2024-07,QLD,25
2024-07-01,2024,7,2024-07,SA,6
2024-07-01,2024,7,2024-07,TAS,6
2024-07-01,2024,7,2024-07,VIC,30
2024-07-01,2024,7,2024-07,WA,15
2024-08-01,2024,8,2024-08,NSW,15
2024-08-01,2024,8,2024-08,NT,6
2024-08-01,2024,8,2024-08,QLD,27
2024-08-01,2024,8,2024-08,SA,8
2024-08-01,2024,8,2024-08,TAS,4
2024-08-01,2024,8,2024-08,VIC,24
2024-08-01,2024,8,2024-08,WA,15
2024-09-01,2024,9,2024-09,NSW,28
2024-09-01,2024,9,2024-09,NT,4
2024-09-01,2024,9,2024-09,QLD,18
2024-09-01,2024,9,2024-09,SA,4
2024-09-01,2024,9,2024-09,TAS,5
2024-09-01,2024,9,2024-09,VIC,20
2024-09-01,2024,9,2024-09,WA,14
2024-10-01,2024,10,2024-10,ACT,2
2024-10-01,2024,10,2024-10,NSW,24
2024-10-01,2024,10,2024-10,NT,4
2024-10-01,2024,10,2024-10,QLD,31
2024-10-01,2024,10,2024-10,SA,10
2024-10-01,2024,10,2024-10,TAS,1
2024-10-01,2024,10,2024-10,VIC,20
2024-10-01,2024,10,2024-10,WA,19
2024-11-01,2024,11,2024-11,ACT,2
2024-11-01,2024,11,2024-11,NSW,39
2024-11-01,2024,11,2024-11,NT,4
2024-11-01,2024,11,2024-11,QLD,31
2024-11-01,2024,11,2024-11,SA,8
2024-11-01,2024,11,2024-11,TAS,1
2024-11-01,2024,11,2024-11,VIC,35
2024-11-01,2024,11,2024-11,WA,11
2024-12-01,2024,12,2024-12,ACT,1
2024-12-01,2024,12,2024-12,NSW,33
2024-12-01,2024,12,2024-12,NT,2
2024-12-01,2024,12,2024-12,QLD,25
2024-12-01,2024,12,2024-12,SA,10
2024-12-01,2024,12,2024-12,TAS,5
2024-12-01,2024,12,2024-12,VIC,19
2024-12-01,2024,12,2024-12,WA,23
2025-01-01,2025,1,2025-01,NSW,17
2025-01-01,2025,1,2025-01,NT,4
2025-01-01,2025,1,2025-01,QLD,26
2025-01-01,2025,1,2025-01,SA,11
2025-01-01,2025,1,2025-01,TAS,4
2025-01-01,2025,1,2025-01,VIC,36
2025-01-01,2025,1,2025-01,WA,11
2025-02-01,2025,2,2025-02,NSW,23
2025-02-01,2025,2,2025-02,QLD,14
2025-02-01,2025,2,2025-02,SA,7
2025-02-01,2025,2,2025-02,TAS,3
2025-02-01,2025,2,2025-02,VIC,18
2025-02-01,2025,2,2025-02,WA,17
2025-03-01,2025,3,2025-03,ACT,3
2025-03-01,2025,3,2025-03,NSW,41
2025-03-01,2025,3,2025-03,NT,2
2025-03-01,2025,3,2025-03,QLD,19
2025-03-01,2025,3,2025-03,SA,4
2025-03-01,2025,3,2025-03,TAS,1
2025-03-01,2025,3,2025-03,VIC,23
2025-03-01,2025,3,2025-03,WA,25
2025-04-01,2025,4,2025-04,NSW,36
2025-04-01,2025,4,2025-04,NT,3
2025-04-01,2025,4,2025-04,QLD,28
2025-04-01,2025,4,2025-04,SA,4
2025-04-01,2025,4,2025-04,TAS,10
2025-04-01,2025,4,2025-04,VIC,18
2025-04-01,2025,4,2025-04,WA,16
2025-05-01,2025,5,2025-05,NSW,29
2025-05-01,2025,5,2025-05,NT,7
2025-05-01,2025,5,2025-05,QLD,27
2025-05-01,2025,5,2025-05,SA,9
2025-05-01,2025,5,2025-05,TAS,4
2025-05-01,2025,5,2025-05,VIC,38
2025-05-01,2025,5,2025-05,WA,18
2025-06-01,2025,6,2025-06,NSW,34
2025-06-01,2025,6,2025-06,NT,5
2025-06-01,2025,6,2025-06,QLD,22
2025-06-01,2025,6,2025-06,SA,3
2025-06-01,2025,6,2025-06,TAS,3
2025-06-01,2025,6,2025-06,VIC,14
2025-06-01,2025,6,2025-06,WA,15
2025-07-01,2025,7,2025-07,NSW,21
2025-07-01,2025,7,2025-07,NT,3
2025-07-01,2025,7,2025-07,QLD,28
2025-07-01,2025,7,2025-07,SA,8
2025-07-01,2025,7,2025-07,TAS,3
2025-07-01,2025,7,2025-07,VIC,31
2025-07-01,2025,7,2025-07,WA,20
2025-08-01,2025,8,2025-08,NSW,35
2025-08-01,2025,8,2025-08,NT,4
2025-08-01,2025,8,2025-08,QLD,42
2025-08-01,2025,8,2025-08,SA,11
2025-08-01,2025,8,2025-08,TAS,2
2025-08-01,2025,8,2025-08,VIC,17
2025-08-01,2025,8,2025-08,WA,7
2025-09-01,2025,9,2025-09,ACT,1
2025-09-01,2025,9,2025-09,NSW,23
2025-09-01,2025,9,2025-09,NT,2
2025-09-01,2025,9,2025-09,QLD,19
2025-09-01,2025,9,2025-09,SA,7
2025-09-01,2025,9,2025-09,TAS,5
2025-09-01,2025,9,2025-09,VIC,28
2025-09-01,2025,9,2025-09,WA,12
2025-10-01,2025,10,2025-10,ACT,2
2025-10-01,2025,10,2025-10,NSW,27
2025-10-01,2025,10,2025-10,NT,6
2025-10-01,2025,10,2025-10,QLD,27
2025-10-01,2025,10,2025-10,SA,12
2025-10-01,2025,10,2025-10,TAS,3
2025-10-01,2025,10,2025-10,VIC,23
2025-10-01,2025,10,2025-10,WA,24
2025-11-01,2025,11,2025-11,ACT,1
2025-11-01,2025,11,2025-11,NSW,37
2025-11-01,2025,11,2025-11,QLD,33
2025-11-01,2025,11,2025-11,SA,4
2025-11-01,2025,11,2025-11,TAS,4
2025-11-01,2025,11,2025-11,VIC,17
2025-11-01,2025,11,2025-11,WA,7
2025-12-01,2025,12,2025-12,ACT,2
2025-12-01,2025,12,2025-12,NSW,35
2025-12-01,2025,12,2025-12,NT,2
2025-12-01,2025,12,2025-12,QLD,22
2025-12-01,2025,12,2025-12,SA,7
2025-12-01,2025,12,2025-12,TAS,2
2025-12-01,2025,12,2025-12,VIC,27
2025-12-01,2025,12,2025-12,WA,11
2026-01-01,2026,1,2026-01,ACT,3
2026-01-01,2026,1,2026-01,NSW,26
2026-01-01,2026,1,2026-01,NT,1
2026-01-01,2026,1,2026-01,QLD,22
2026-01-01,2026,1,2026-01,SA,11
2026-01-01,2026,1,2026-01,TAS,5
2026-01-01,2026,1,2026-01,VIC,22
2026-01-01,2026,1,2026-01,WA,16
